nan,nan,nan,nan,nan,nan,nan,nan,nan,nan,nan,nan,nan,nan,nan,nan,nan,nan,nan,nan,nan,nan,nan,nan,nan,nan,nan,nan,nan,nan,nan,nan,nan,nan,nan,nan,nan,nan,nan,nan,nan,nan,nan,nan,nan,nan,nan,nan,nan,nan,nan,nan,nan,nan,nan,nan,nan,nan,nan,nan,nan,nan,nan,nan,nan,nan,nan,nan,nan,nan,nan,nan,nan,nan,nan,nan,nan,nan,nan,nan,nan,nan,nan,nan,nan,nan,nan,nan,nan,nan,1.591098164400827741e-04,1.395151198271693679e-04,1.057339568046298687e-04,7.538072896790554297e-05,5.025497538167989419e-05,2.966621538351638796e-05,1.409846695303615864e-05,3.106686736351337408e-06,-3.719781557287892374e-06,-7.622161287691463824e-06
nan,nan,nan,nan,nan,nan,nan,nan,nan,nan,nan,nan,nan,nan,nan,nan,nan,nan,nan,nan,nan,nan,nan,nan,nan,nan,nan,nan,nan,nan,nan,nan,nan,nan,nan,nan,nan,nan,nan,nan,nan,nan,nan,nan,nan,nan,nan,nan,nan,nan,nan,nan,nan,nan,nan,nan,nan,nan,nan,nan,nan,nan,nan,nan,nan,nan,nan,nan,nan,nan,nan,nan,nan,nan,nan,nan,nan,nan,nan,nan,nan,nan,nan,nan,nan,nan,nan,nan,nan,2.857914997790337252e-04,2.582365881661890508e-04,2.186479554965401341e-04,1.618267030110653285e-04,1.112241767637480930e-04,6.631625263122185702e-05,3.238863938990808693e-05,7.539503489889216708e-06,-8.576635522985137511e-06,-1.808811774104702173e-05,-2.203424361107780231e-05
nan,nan,nan,nan,nan,nan,nan,nan,nan,nan,nan,nan,nan,nan,nan,nan,nan,nan,nan,nan,nan,nan,nan,nan,nan,nan,nan,nan,nan,nan,nan,nan,nan,nan,nan,nan,nan,nan,nan,nan,nan,nan,nan,nan,nan,nan,nan,nan,nan,nan,nan,nan,nan,nan,nan,nan,nan,nan,nan,nan,nan,nan,nan,nan,nan,nan,nan,nan,nan,nan,nan,nan,nan,nan,nan,nan,nan,nan,nan,nan,nan,nan,nan,nan,nan,nan,nan,nan,nan,nan,nan,3.248357043120317540e-04,2.301633883866914586e-04,1.386965353205475216e-04,7.014933906889665304e-05,1.876014709362589447e-05,-1.761122434228646193e-05,-3.869358056001696161e-05,-4.913434803732521101e-05,-5.251885421529154031e-05
nan,nan,nan,nan,nan,nan,nan,nan,nan,nan,nan,nan,nan,nan,nan,nan,nan,nan,nan,nan,nan,nan,nan,nan,nan,nan,nan,nan,nan,nan,nan,nan,nan,nan,nan,nan,nan,nan,nan,nan,nan,nan,nan,nan,nan,nan,nan,nan,nan,nan,nan,nan,nan,nan,nan,nan,nan,nan,nan,nan,nan,nan,nan,nan,nan,nan,nan,nan,nan,nan,nan,nan,nan,nan,nan,nan,nan,nan,nan,nan,nan,nan,nan,nan,nan,nan,nan,nan,nan,nan,nan,3.941739480379740745e-04,2.642359548628717483e-04,1.368375254592549696e-04,4.779492212085147498e-05,-2.985438727915503678e-05,-8.120716047339204488e-05,-1.061358800059499457e-04,-1.176396351321435231e-04,-1.116602343192338412e-04
nan,nan,nan,nan,nan,nan,nan,nan,nan,nan,nan,nan,nan,nan,nan,nan,nan,nan,nan,nan,nan,nan,nan,nan,nan,nan,nan,nan,nan,nan,nan,nan,nan,nan,nan,nan,nan,nan,nan,nan,nan,nan,nan,nan,nan,nan,nan,nan,nan,nan,nan,nan,nan,nan,nan,nan,nan,nan,nan,nan,nan,nan,nan,nan,nan,nan,nan,nan,nan,nan,nan,nan,nan,nan,nan,nan,nan,nan,nan,nan,nan,nan,nan,nan,nan,nan,nan,nan,nan,nan,nan,nan,nan,4.569642403274652828e-05,-4.934757845882666304e-05,-1.333661657604573046e-04,-1.984241915077841279e-04,-2.237711493174442828e-04,-2.417328910851583340e-04,-2.221388636520736377e-04
nan,nan,nan,nan,nan,nan,nan,nan,nan,nan,nan,nan,nan,nan,nan,nan,nan,nan,nan,nan,nan,nan,nan,nan,nan,nan,nan,nan,nan,nan,nan,nan,nan,nan,nan,nan,nan,-1.913858891359310477e-01,-1.881616938516623982e-01,-1.857381015225779974e-01,-1.847388888095098103e-01,-1.856141397096072732e-01,-1.889399917294148634e-01,nan,nan,nan,nan,nan,nan,nan,nan,nan,nan,nan,nan,nan,nan,nan,nan,nan,nan,nan,nan,nan,nan,nan,nan,nan,nan,nan,nan,nan,nan,nan,nan,nan,nan,nan,nan,nan,nan,nan,nan,nan,nan,nan,nan,nan,nan,nan,nan,nan,nan,nan,nan,nan,nan,nan,nan,nan
nan,nan,nan,nan,nan,nan,nan,nan,nan,nan,nan,nan,nan,nan,nan,nan,nan,nan,nan,nan,nan,nan,nan,nan,nan,nan,nan,nan,nan,nan,nan,nan,nan,nan,nan,-2.297484149335508874e-01,-2.254666088900721399e-01,-2.131079902809496218e-01,-2.012809823437551049e-01,-1.940975858790426334e-01,-1.919078774755394734e-01,-1.944296188995252583e-01,-2.004369256636099328e-01,-2.075254497083769967e-01,-2.137786016016051394e-01,-2.171761539196368496e-01,-2.198746173150227246e-01,nan,nan,nan,nan,nan,nan,nan,nan,nan,nan,nan,nan,nan,nan,nan,nan,nan,nan,nan,nan,nan,nan,nan,nan,nan,nan,nan,nan,nan,nan,nan,nan,nan,nan,nan,nan,nan,nan,nan,nan,nan,nan,nan,nan,nan,nan,nan,nan,nan,nan,nan,nan,nan
nan,nan,nan,nan,nan,nan,nan,nan,nan,nan,nan,nan,nan,nan,nan,nan,nan,nan,nan,nan,nan,nan,nan,nan,nan,nan,nan,nan,nan,nan,nan,nan,nan,-2.308526410470054802e-01,-2.363306965460586773e-01,-2.360708882679837251e-01,-2.352401866317548329e-01,-2.365173805079419656e-01,nan,nan,nan,nan,nan,-2.157692279767493837e-01,-2.166946961905169555e-01,-2.183075112151934560e-01,-2.187857358732750446e-01,-2.158623565867644478e-01,-2.088492473517592762e-01,-2.005900631426524028e-01,-1.936372806947181391e-01,nan,nan,nan,nan,nan,nan,nan,nan,nan,nan,nan,nan,nan,nan,nan,nan,nan,nan,nan,nan,nan,nan,nan,nan,nan,nan,nan,nan,nan,nan,nan,nan,nan,nan,nan,nan,nan,nan,nan,nan,nan,nan,nan,nan,nan,nan,nan,nan,nan
nan,nan,nan,nan,nan,nan,nan,nan,nan,nan,nan,nan,nan,nan,nan,nan,nan,nan,nan,nan,nan,nan,nan,nan,nan,nan,nan,nan,nan,nan,nan,-1.874294753486475673e-01,-2.082299487793355941e-01,-2.252187506787916016e-01,-2.361986055758486525e-01,nan,nan,nan,nan,nan,nan,nan,nan,nan,nan,nan,nan,nan,-2.016656410940679545e-01,-1.943676073899016921e-01,-1.838967372572548609e-01,-1.682860529488350021e-01,-1.548297599281466541e-01,-1.475718852820818716e-01,nan,nan,nan,nan,nan,nan,nan,nan,nan,nan,nan,nan,nan,nan,nan,nan,nan,nan,nan,nan,nan,nan,nan,nan,nan,nan,nan,nan,nan,nan,nan,nan,nan,nan,nan,nan,nan,nan,nan,nan,nan,nan,nan,nan,nan,nan
nan,nan,nan,nan,nan,nan,nan,nan,nan,nan,nan,nan,nan,nan,nan,nan,nan,nan,nan,nan,nan,nan,nan,nan,nan,nan,nan,nan,nan,nan,-1.501687548761435897e-01,-1.716364954038209212e-01,-1.941330543017121546e-01,nan,nan,nan,nan,nan,nan,nan,nan,nan,nan,nan,nan,nan,nan,nan,nan,nan,nan,nan,-1.487386691124213955e-01,-1.435864127279428970e-01,-1.425158112721405246e-01,-1.449899288056525903e-01,nan,nan,nan,nan,nan,nan,nan,nan,nan,nan,nan,nan,nan,nan,nan,nan,nan,nan,nan,nan,nan,nan,nan,nan,nan,nan,nan,nan,nan,nan,nan,nan,nan,nan,nan,nan,nan,nan,nan,nan,nan,nan,nan,nan
nan,nan,nan,nan,nan,nan,nan,nan,nan,nan,nan,nan,nan,nan,nan,nan,nan,nan,nan,nan,nan,nan,nan,nan,nan,nan,nan,nan,nan,-1.128796638524454943e-01,-1.325915236378062967e-01,-1.534733676239796452e-01,nan,nan,nan,nan,nan,nan,nan,nan,nan,nan,nan,nan,nan,nan,nan,nan,nan,nan,nan,nan,nan,nan,-1.469778078698642798e-01,-1.585639723499859266e-01,-1.759957102670082207e-01,nan,nan,nan,nan,nan,nan,nan,nan,nan,nan,nan,nan,nan,nan,nan,nan,nan,nan,nan,nan,nan,nan,nan,nan,nan,nan,nan,nan,nan,nan,nan,nan,nan,nan,nan,nan,nan,nan,nan,nan,nan,nan,nan
nan,nan,nan,nan,nan,nan,nan,nan,nan,nan,nan,nan,nan,nan,nan,nan,nan,nan,nan,nan,nan,nan,nan,nan,nan,nan,nan,nan,-8.877028812637990929e-02,-1.015863662758699215e-01,-1.153758390997203093e-01,nan,nan,nan,nan,nan,nan,nan,nan,nan,nan,nan,nan,nan,nan,nan,nan,nan,nan,nan,nan,nan,nan,nan,nan,-1.791066235563364972e-01,-1.948955480979581434e-01,-2.242964131700589947e-01,nan,nan,nan,nan,nan,nan,nan,nan,nan,nan,nan,nan,nan,nan,nan,nan,nan,nan,nan,nan,nan,nan,nan,nan,nan,nan,nan,nan,nan,nan,nan,nan,nan,nan,nan,nan,nan,nan,nan,nan,nan,nan
nan,nan,nan,nan,nan,nan,nan,nan,nan,nan,nan,nan,nan,nan,nan,nan,nan,nan,nan,nan,nan,nan,nan,nan,nan,nan,nan,-8.746594920015202113e-02,-8.850242296842904255e-02,-9.185978228676104640e-02,nan,nan,nan,nan,nan,nan,nan,nan,nan,nan,nan,nan,nan,nan,nan,nan,nan,nan,nan,nan,nan,nan,nan,nan,nan,nan,nan,-2.475800967888824589e-01,-2.783628244043136468e-01,-3.023152605076741550e-01,nan,nan,nan,nan,nan,nan,nan,nan,nan,nan,nan,nan,nan,nan,nan,nan,nan,nan,nan,nan,nan,nan,nan,nan,nan,nan,nan,nan,nan,nan,nan,nan,nan,nan,nan,nan,nan,nan,nan,nan
nan,nan,nan,nan,nan,nan,nan,nan,nan,nan,nan,nan,nan,nan,nan,nan,nan,nan,nan,nan,nan,nan,nan,nan,nan,nan,-1.128791773577596802e-01,-1.005427341742857056e-01,-9.068777723535703661e-02,nan,nan,nan,nan,nan,nan,nan,nan,nan,nan,nan,nan,nan,nan,nan,nan,nan,nan,nan,nan,nan,nan,nan,nan,nan,nan,nan,nan,nan,-3.032824568617180638e-01,-3.222639475719780155e-01,-3.496569330613386595e-01,-3.635196787612189895e-01,nan,nan,nan,nan,nan,nan,nan,nan,nan,nan,nan,nan,nan,nan,nan,nan,nan,nan,nan,nan,nan,nan,nan,nan,nan,nan,nan,nan,nan,nan,nan,nan,nan,nan,nan,nan,nan,nan
nan,nan,nan,nan,nan,nan,nan,nan,nan,nan,nan,nan,nan,nan,nan,nan,nan,nan,nan,nan,nan,nan,nan,nan,nan,-1.613685358872891107e-01,-1.335745377746623275e-01,-1.139719690805150176e-01,nan,nan,nan,nan,nan,nan,nan,nan,nan,nan,nan,nan,nan,nan,nan,nan,nan,nan,nan,nan,nan,nan,nan,nan,nan,nan,nan,nan,nan,nan,nan,nan,-3.634561433115237050e-01,-3.762310627263803497e-01,-3.848736533889480227e-01,nan,nan,nan,nan,nan,nan,nan,nan,nan,nan,nan,nan,nan,nan,nan,nan,nan,nan,nan,nan,nan,nan,nan,nan,nan,nan,nan,nan,nan,nan,nan,nan,nan,nan,nan,nan,nan
nan,nan,nan,nan,nan,nan,nan,nan,nan,nan,nan,nan,nan,nan,nan,nan,nan,nan,nan,nan,nan,nan,nan,-2.535222163846651000e-01,-2.243234628369075723e-01,-1.859125425282258659e-01,-1.615852784338490944e-01,nan,nan,nan,nan,nan,nan,nan,nan,nan,nan,nan,nan,nan,nan,nan,nan,nan,nan,nan,nan,nan,nan,nan,nan,nan,nan,nan,nan,nan,nan,nan,nan,nan,nan,-3.851572580990196837e-01,-3.866296853768479425e-01,-3.822958863446575539e-01,-3.744348272790779530e-01,nan,nan,nan,nan,nan,nan,nan,nan,nan,nan,nan,nan,nan,nan,nan,nan,nan,nan,nan,nan,nan,nan,nan,nan,nan,nan,nan,nan,nan,nan,nan,nan,nan,nan,nan
nan,nan,nan,nan,nan,nan,nan,nan,nan,nan,nan,nan,nan,nan,nan,nan,nan,nan,nan,nan,nan,nan,-3.167907182222900464e-01,-2.881469191449757550e-01,-2.531423481179991830e-01,nan,nan,nan,nan,nan,nan,nan,nan,nan,nan,nan,nan,nan,nan,nan,nan,nan,nan,nan,nan,nan,nan,nan,nan,nan,nan,nan,nan,nan,nan,nan,nan,nan,nan,nan,nan,nan,nan,-3.759156133190065252e-01,-3.641231188799074481e-01,-3.402661556538060239e-01,-3.212437197259600530e-01,nan,nan,nan,nan,nan,nan,nan,nan,nan,nan,nan,nan,nan,nan,nan,nan,nan,nan,nan,nan,nan,nan,nan,nan,nan,nan,nan,nan,nan,nan,nan,nan,nan
nan,nan,nan,nan,nan,nan,nan,nan,nan,nan,nan,nan,nan,nan,nan,nan,nan,nan,nan,nan,nan,-3.641973877052653852e-01,-3.410989665603327281e-01,-3.164557822268239118e-01,nan,nan,nan,nan,nan,nan,nan,nan,nan,nan,nan,nan,nan,nan,nan,nan,nan,nan,nan,nan,nan,nan,nan,nan,nan,nan,nan,nan,nan,nan,nan,nan,nan,nan,nan,nan,nan,nan,nan,nan,nan,-3.245777685388315792e-01,-3.017597830443410345e-01,-2.711891316144318109e-01,nan,nan,nan,nan,nan,nan,nan,nan,nan,nan,nan,nan,nan,nan,nan,nan,nan,nan,nan,nan,nan,nan,nan,nan,nan,nan,nan,nan,nan,nan,nan,nan
nan,nan,nan,nan,nan,nan,nan,nan,nan,nan,nan,nan,nan,nan,nan,nan,nan,nan,nan,nan,-3.883672400904522592e-01,-3.779788461847321535e-01,-3.634125514070195573e-01,nan,nan,nan,nan,nan,nan,nan,nan,nan,nan,nan,nan,nan,nan,nan,nan,nan,nan,nan,nan,nan,nan,nan,nan,nan,nan,nan,nan,nan,nan,nan,nan,nan,nan,nan,nan,nan,nan,nan,nan,nan,nan,nan,nan,-2.509902102061115081e-01,-2.197679073509092307e-01,-1.965262630362274721e-01,nan,nan,nan,nan,nan,nan,nan,nan,nan,nan,nan,nan,nan,nan,nan,nan,nan,nan,nan,nan,nan,nan,nan,nan,nan,nan,nan,nan,nan,nan
nan,nan,nan,nan,nan,nan,nan,nan,nan,nan,nan,nan,nan,nan,nan,nan,nan,nan,nan,-3.873849875082900351e-01,-3.889645570527158758e-01,-3.866473362724773266e-01,nan,nan,nan,nan,nan,nan,nan,nan,nan,nan,nan,nan,nan,nan,nan,nan,nan,nan,nan,nan,nan,nan,nan,nan,nan,nan,nan,nan,nan,nan,nan,nan,nan,nan,nan,nan,nan,nan,nan,nan,nan,nan,nan,nan,nan,nan,-2.027111528627553172e-01,-1.796972132847097503e-01,-1.523696814858450654e-01,-1.337766358863665406e-01,nan,nan,nan,nan,nan,nan,nan,nan,nan,nan,nan,nan,nan,nan,nan,nan,nan,nan,nan,nan,nan,nan,nan,nan,nan,nan,nan,nan
nan,nan,nan,nan,nan,nan,nan,nan,nan,nan,nan,nan,nan,nan,nan,nan,nan,nan,-3.664572499978596132e-01,-3.759940787028434039e-01,-3.842046001583110937e-01,nan,nan,nan,nan,nan,nan,nan,nan,nan,nan,nan,nan,nan,nan,nan,nan,nan,nan,nan,nan,nan,nan,nan,nan,nan,nan,nan,nan,nan,nan,nan,nan,nan,nan,nan,nan,nan,nan,nan,nan,nan,nan,nan,nan,nan,nan,nan,nan,nan,-1.406433923032654187e-01,-1.262197017900150708e-01,-1.098736836707333853e-01,-1.006811234740397909e-01,nan,nan,nan,nan,nan,nan,nan,nan,nan,nan,nan,nan,nan,nan,nan,nan,nan,nan,nan,nan,nan,nan,nan,nan,nan,nan
nan,nan,nan,nan,nan,nan,nan,nan,nan,nan,nan,nan,nan,nan,nan,nan,nan,nan,-3.429483184276860275e-01,-3.575645378011500508e-01,nan,nan,nan,nan,nan,nan,nan,nan,nan,nan,nan,-1.738003223959137256e-01,-1.982100668733056403e-01,-2.247874020378413107e-01,-2.556689407568718542e-01,-2.905238134337361222e-01,-3.261524098393330795e-01,-3.594722594024584716e-01,-3.880027065087108262e-01,-4.109270830411394515e-01,-4.293106684747318713e-01,-4.452362482428186552e-01,nan,nan,nan,nan,nan,nan,nan,nan,nan,nan,nan,nan,nan,nan,nan,nan,nan,nan,nan,nan,nan,nan,nan,nan,nan,nan,nan,nan,nan,nan,-1.064293242294258868e-01,-9.997763321473243647e-02,-9.784658004346896698e-02,-1.040216588045063117e-01,-1.120804154549672332e-01,-1.245860883665005775e-01,nan,nan,nan,nan,nan,nan,nan,nan,nan,nan,nan,nan,nan,nan,nan,nan,nan,nan,nan,nan,nan,nan
nan,nan,nan,nan,nan,nan,nan,nan,nan,nan,nan,nan,nan,nan,nan,nan,nan,-3.014918701651091437e-01,-3.168946298729292677e-01,-3.328952302332024993e-01,nan,nan,nan,nan,nan,nan,nan,nan,nan,nan,-1.642038294320616321e-01,-1.800198597864638983e-01,-1.984537388274905667e-01,-2.247924095244201448e-01,-2.574091264355565789e-01,-2.944866216903574974e-01,-3.320861314133178310e-01,-3.665609569071456852e-01,-3.961914408666660226e-01,-4.211496271746142384e-01,-4.416521951055956130e-01,-4.568547304448763446e-01,-4.657466769081939351e-01,-4.711695427711680151e-01,-4.759072545498268525e-01,nan,nan,nan,nan,nan,nan,nan,nan,nan,nan,nan,nan,nan,nan,nan,nan,nan,nan,nan,nan,nan,nan,nan,nan,nan,nan,nan,nan,nan,nan,-1.126619858431904958e-01,-1.224985068662893528e-01,-1.445896046549890179e-01,-1.621311675731486046e-01,nan,nan,nan,nan,nan,nan,nan,nan,nan,nan,nan,nan,nan,nan,nan,nan,nan,nan,nan,nan,nan
nan,nan,nan,nan,nan,nan,nan,nan,nan,nan,nan,nan,nan,nan,nan,nan,nan,-2.792012319547811927e-01,-2.934291764842115180e-01,nan,nan,nan,nan,nan,nan,nan,nan,nan,nan,-1.523958247597096416e-01,-1.639727560175181231e-01,-1.761238569223321782e-01,-1.970306838502421387e-01,nan,nan,nan,nan,nan,nan,nan,-4.534287258211654459e-01,-4.629861242310346903e-01,-4.691657059470822344e-01,-4.744955917815428803e-01,-4.791761759852403713e-01,-4.836751479364375106e-01,-4.908412169411132675e-01,nan,nan,nan,nan,nan,nan,nan,nan,nan,nan,nan,nan,nan,nan,nan,nan,nan,nan,nan,nan,nan,nan,nan,nan,nan,nan,nan,nan,nan,nan,-1.587436385868855326e-01,-1.739299310088021633e-01,-1.906281761172128053e-01,-2.063931662646269205e-01,nan,nan,nan,nan,nan,nan,nan,nan,nan,nan,nan,nan,nan,nan,nan,nan,nan,nan,nan
nan,nan,nan,nan,nan,nan,nan,nan,nan,nan,nan,nan,nan,nan,nan,nan,-2.400258720889194286e-01,-2.514805934344171434e-01,nan,nan,nan,nan,nan,nan,nan,nan,nan,nan,-1.377326153041004142e-01,-1.507832342599069175e-01,-1.591010327455084639e-01,-1.794718463834446553e-01,nan,nan,nan,nan,nan,nan,nan,nan,nan,nan,nan,-4.749630883940145210e-01,-4.800326690004125818e-01,-4.839266755900863415e-01,-4.888668412196607860e-01,-4.996360555927735203e-01,nan,nan,nan,nan,nan,nan,nan,nan,nan,nan,nan,nan,nan,nan,nan,nan,nan,nan,nan,nan,nan,nan,nan,nan,nan,nan,nan,nan,nan,nan,-1.825427018764767817e-01,-1.970143272167202142e-01,-2.033134239082917682e-01,-2.109844172588654920e-01,nan,nan,nan,nan,nan,nan,nan,nan,nan,nan,nan,nan,nan,nan,nan,nan,nan,nan
nan,nan,nan,nan,nan,nan,nan,nan,nan,nan,nan,nan,nan,nan,nan,nan,-2.191837084045089312e-01,-2.286118317232585240e-01,nan,nan,nan,nan,nan,nan,nan,nan,nan,nan,-1.361215757195099463e-01,-1.432808107273539910e-01,-1.601228455236935189e-01,nan,nan,nan,nan,nan,nan,nan,nan,nan,nan,nan,nan,nan,nan,-4.810075000712540905e-01,-4.882702348429771022e-01,-4.932077770892651092e-01,-5.046085368472135180e-01,nan,nan,nan,nan,nan,nan,nan,nan,nan,nan,nan,nan,nan,nan,nan,nan,nan,nan,nan,nan,nan,nan,nan,nan,nan,nan,nan,nan,nan,nan,-1.905092827219514728e-01,-2.006106632908086773e-01,-1.982701500846807963e-01,-1.987201604060059024e-01,nan,nan,nan,nan,nan,nan,nan,nan,nan,nan,nan,nan,nan,nan,nan,nan,nan
nan,nan,nan,nan,nan,nan,nan,nan,nan,nan,nan,nan,nan,nan,nan,nan,-2.011554809839428970e-01,-2.087606818570887923e-01,nan,nan,nan,nan,nan,nan,nan,nan,nan,-1.175647149704424910e-01,-1.298386506600215651e-01,-1.394382375997652856e-01,nan,nan,nan,nan,nan,nan,nan,nan,nan,nan,nan,nan,nan,nan,nan,nan,-4.766509184383653785e-01,-4.895211586538242843e-01,-4.925085230716162998e-01,-5.016708181992629578e-01,nan,nan,nan,nan,nan,nan,nan,nan,nan,nan,nan,nan,nan,nan,nan,nan,nan,nan,nan,nan,nan,nan,nan,nan,nan,nan,nan,nan,nan,nan,-1.829382253165660333e-01,-1.864483651303121825e-01,-1.784667507375619078e-01,-1.747828474376536823e-01,nan,nan,nan,nan,nan,nan,nan,nan,nan,nan,nan,nan,nan,nan,nan,nan
nan,nan,nan,nan,nan,nan,nan,nan,nan,nan,nan,nan,nan,nan,nan,-1.738670076659930563e-01,-1.803555444742035718e-01,nan,nan,nan,nan,nan,nan,nan,nan,nan,nan,-1.138660976225441823e-01,-1.200023047715192415e-01,nan,nan,nan,nan,nan,nan,nan,nan,nan,nan,nan,nan,nan,nan,nan,nan,nan,nan,-4.648318466303108520e-01,-4.816671128224027654e-01,-4.802687358597232392e-01,-4.848821710333960922e-01,-5.018142965229909214e-01,nan,nan,nan,nan,nan,nan,nan,nan,nan,nan,nan,nan,nan,nan,nan,nan,nan,nan,nan,nan,nan,nan,nan,nan,nan,nan,nan,nan,nan,-1.650002819586481873e-01,-1.604512846675821836e-01,-1.505636252624826255e-01,-1.453146461667224609e-01,nan,nan,nan,nan,nan,nan,nan,nan,nan,nan,nan,nan,nan,nan,nan
nan,nan,nan,nan,nan,nan,nan,nan,nan,nan,nan,nan,nan,nan,nan,-1.569924826818371866e-01,-1.625389231051123096e-01,nan,nan,nan,nan,nan,nan,nan,nan,nan,nan,-1.083340501136561551e-01,-1.146273711413100388e-01,nan,nan,nan,nan,nan,nan,nan,nan,nan,nan,nan,nan,nan,nan,nan,nan,nan,nan,nan,-4.432188220259026812e-01,-4.586159899283612229e-01,-4.506317804283915263e-01,-4.500306507094896102e-01,nan,nan,nan,nan,nan,nan,nan,nan,nan,nan,nan,nan,nan,nan,nan,nan,nan,nan,nan,nan,nan,nan,nan,nan,nan,nan,nan,nan,nan,nan,-1.409656532422637609e-01,-1.318311740073888905e-01,-1.222493430413230664e-01,nan,nan,nan,nan,nan,nan,nan,nan,nan,nan,nan,nan,nan,nan,nan
nan,nan,nan,nan,nan,nan,nan,nan,nan,nan,nan,nan,nan,nan,nan,-1.424929616410532673e-01,-1.478381269637094597e-01,nan,nan,nan,nan,nan,nan,nan,nan,nan,-9.445845450830370194e-02,-9.982687040491297625e-02,nan,nan,nan,nan,nan,nan,nan,nan,nan,nan,nan,nan,nan,nan,nan,nan,nan,nan,nan,nan,nan,-4.085568600831891439e-01,-4.157995755194369147e-01,-4.013513055804869833e-01,-3.972474199193002375e-01,nan,nan,nan,nan,nan,nan,nan,nan,nan,nan,nan,nan,nan,nan,nan,nan,nan,nan,nan,nan,nan,nan,nan,nan,nan,nan,nan,nan,nan,nan,-1.158444050114713214e-01,-1.073779993006009209e-01,-9.798483016958388359e-02,nan,nan,nan,nan,nan,nan,nan,nan,nan,nan,nan,nan,nan,nan
nan,nan,nan,nan,nan,nan,nan,nan,nan,nan,nan,nan,nan,nan,nan,-1.262179618025081052e-01,-1.322046264713902519e-01,nan,nan,nan,nan,nan,nan,nan,nan,nan,-9.187411874001469303e-02,-9.400455735465587659e-02,nan,nan,nan,nan,nan,nan,nan,nan,nan,nan,nan,nan,nan,nan,nan,nan,nan,nan,nan,nan,nan,nan,-3.588041297163374610e-01,-3.527315869743727350e-01,-3.359320717573186510e-01,-3.326618125913400337e-01,nan,nan,nan,nan,nan,nan,nan,nan,nan,nan,nan,nan,nan,nan,nan,nan,nan,nan,nan,nan,nan,nan,nan,nan,nan,nan,nan,nan,nan,-1.008157870322873156e-01,-9.343206805258785774e-02,-8.686790167257817108e-02,-7.837458006499919971e-02,nan,nan,nan,nan,nan,nan,nan,nan,nan,nan,nan,nan,nan
nan,nan,nan,nan,nan,nan,nan,nan,nan,nan,nan,nan,nan,nan,-1.047598198217054161e-01,-1.120728962950721941e-01,nan,nan,nan,nan,nan,nan,nan,nan,nan,nan,-8.999289813595526266e-02,-9.077339083765588457e-02,nan,nan,nan,nan,nan,nan,nan,nan,nan,nan,nan,nan,nan,nan,nan,nan,nan,nan,nan,nan,nan,nan,nan,-2.944347318469369701e-01,-2.791984564804435021e-01,-2.642994428435352927e-01,-2.588728165210478216e-01,nan,nan,nan,nan,nan,nan,nan,nan,nan,nan,nan,nan,nan,nan,nan,nan,nan,nan,nan,nan,nan,nan,nan,nan,nan,nan,nan,nan,nan,-8.369831057192805845e-02,-7.714863753412555536e-02,-7.105485652865138613e-02,-6.265211127002645597e-02,nan,nan,nan,nan,nan,nan,nan,nan,nan,nan,nan,nan
nan,nan,nan,nan,nan,nan,nan,nan,nan,nan,nan,nan,nan,nan,-9.689817561604431584e-02,-1.018393615489249643e-01,nan,nan,nan,nan,nan,nan,nan,nan,nan,-9.397832022759559922e-02,-8.982697895203865801e-02,nan,nan,nan,nan,nan,nan,nan,nan,nan,nan,nan,nan,nan,nan,nan,nan,nan,nan,nan,nan,nan,nan,nan,nan,-2.230343342745960133e-01,-2.176856008203562343e-01,-2.064765364364893885e-01,-1.976610788019054488e-01,nan,nan,nan,nan,nan,nan,nan,nan,nan,nan,nan,nan,nan,nan,nan,nan,nan,nan,nan,nan,nan,nan,nan,nan,nan,nan,nan,nan,nan,-7.439347922556688308e-02,-6.897001891981689725e-02,-6.492422582155199517e-02,-5.852473906917082802e-02,nan,nan,nan,nan,nan,nan,nan,nan,nan,nan,nan,nan
nan,nan,nan,nan,nan,nan,nan,nan,nan,nan,nan,nan,nan,nan,-9.123977321439931398e-02,-9.653962191095408207e-02,nan,nan,nan,nan,nan,nan,nan,nan,nan,-9.229361489333602619e-02,-9.015658830987510752e-02,nan,nan,nan,nan,nan,nan,nan,nan,nan,nan,nan,nan,nan,nan,nan,nan,nan,nan,nan,nan,nan,nan,nan,nan,nan,-1.538120063037690666e-01,-1.473067566805194295e-01,-1.415501537427406309e-01,nan,nan,nan,nan,nan,nan,nan,nan,nan,nan,nan,nan,nan,nan,nan,nan,nan,nan,nan,nan,nan,nan,nan,nan,nan,nan,nan,nan,nan,nan,-6.094844172125199466e-02,-5.686321158645567947e-02,-5.281428885481972285e-02,-4.671638290529323001e-02,nan,nan,nan,nan,nan,nan,nan,nan,nan,nan,nan
nan,nan,nan,nan,nan,nan,nan,nan,nan,nan,nan,nan,nan,nan,-8.444946157960722677e-02,-9.430325874800918329e-02,nan,nan,nan,nan,nan,nan,nan,nan,nan,-8.942446918965080149e-02,-8.578203593072863953e-02,nan,nan,nan,nan,nan,nan,nan,nan,nan,nan,nan,nan,nan,nan,nan,nan,nan,nan,nan,nan,nan,nan,nan,nan,nan,-9.061582147482211136e-02,-9.134927335839666818e-02,-9.116747270840301620e-02,-9.472933444235716316e-02,nan,nan,nan,nan,nan,nan,nan,nan,nan,nan,nan,nan,nan,nan,nan,nan,nan,nan,nan,nan,nan,nan,nan,nan,nan,nan,nan,nan,nan,-4.946082378852751510e-02,-4.635864337809509489e-02,-4.420974506974884033e-02,-4.000944158519206817e-02,nan,nan,nan,nan,nan,nan,nan,nan,nan,nan,nan
nan,nan,nan,nan,nan,nan,nan,nan,nan,nan,nan,nan,nan,-6.217028812621797074e-02,-7.637067854970040759e-02,nan,nan,nan,nan,nan,nan,nan,nan,nan,-8.094459778389757887e-02,-7.857036560751429199e-02,-7.064976023428171104e-02,nan,nan,nan,nan,nan,nan,nan,nan,nan,nan,nan,nan,nan,nan,nan,nan,nan,nan,nan,nan,nan,nan,nan,nan,nan,-3.425486311149094493e-02,-4.189263371113890327e-02,-4.482737137115495180e-02,-4.731826595180016470e-02,nan,nan,nan,nan,nan,nan,nan,nan,nan,nan,nan,nan,nan,nan,nan,nan,nan,nan,nan,nan,nan,nan,nan,nan,nan,nan,nan,nan,nan,-3.283780821174909353e-02,-3.213903301839916848e-02,-3.125243403275375365e-02,-2.885469488109288980e-02,nan,nan,nan,nan,nan,nan,nan,nan,nan,nan,nan
nan,nan,nan,nan,nan,nan,nan,nan,nan,nan,nan,nan,nan,-5.829942493701521788e-02,-6.672756548585936920e-02,nan,nan,nan,nan,nan,nan,nan,nan,nan,-5.002927875298958382e-02,-5.220183110338597748e-02,nan,nan,nan,nan,nan,nan,nan,nan,nan,nan,nan,nan,nan,nan,nan,nan,nan,nan,nan,nan,nan,nan,nan,nan,nan,nan,8.601865948964910330e-03,-3.748347633108682847e-04,-4.346319110057865129e-03,-9.765190459051213689e-03,nan,nan,nan,nan,nan,nan,nan,nan,nan,nan,nan,nan,nan,nan,nan,nan,nan,nan,nan,nan,nan,nan,nan,nan,nan,nan,nan,nan,nan,-1.105810703059514032e-02,-1.415070781849303745e-02,-1.425905947843366522e-02,-1.376978296647839162e-02,nan,nan,nan,nan,nan,nan,nan,nan,nan,nan,nan
nan,nan,nan,nan,nan,nan,nan,nan,nan,nan,nan,nan,nan,-5.176889152086393275e-02,-5.810249731986061317e-02,nan,nan,nan,nan,nan,nan,nan,nan,nan,-4.705664330007212556e-03,-3.287038464976743245e-03,nan,nan,nan,nan,nan,nan,nan,nan,nan,nan,nan,nan,nan,nan,nan,nan,nan,nan,nan,nan,nan,nan,nan,nan,nan,nan,3.834002876388221959e-02,3.267174774687207212e-02,2.919591436678228499e-02,2.259138563231458466e-02,nan,nan,nan,nan,nan,nan,nan,nan,nan,nan,nan,nan,nan,nan,nan,nan,nan,nan,nan,nan,nan,nan,nan,nan,nan,nan,nan,nan,nan,7.992331184954645437e-03,5.308980361536951020e-03,4.786318169632886206e-03,4.431697131422483206e-03,nan,nan,nan,nan,nan,nan,nan,nan,nan,nan,nan
nan,nan,nan,nan,nan,nan,nan,nan,nan,nan,nan,nan,nan,-4.075420031959200995e-02,-4.919673744457561670e-02,nan,nan,nan,nan,nan,nan,nan,nan,nan,6.134826713171649681e-02,7.278273919720962271e-02,nan,nan,nan,nan,nan,nan,nan,nan,nan,nan,nan,nan,nan,nan,nan,nan,nan,nan,nan,nan,nan,nan,nan,nan,nan,nan,5.958834387717783926e-02,5.757085432842869166e-02,5.585906665940482824e-02,5.084954102899214012e-02,nan,nan,nan,nan,nan,nan,nan,nan,nan,nan,nan,nan,nan,nan,nan,nan,nan,nan,nan,nan,nan,nan,nan,nan,nan,nan,nan,nan,nan,2.381213153398939464e-02,2.340046999509267506e-02,2.324797984317468827e-02,2.350019071622231476e-02,nan,nan,nan,nan,nan,nan,nan,nan,nan,nan,nan
nan,nan,nan,nan,nan,nan,nan,nan,nan,nan,nan,nan,nan,-2.615432338445888849e-02,-3.545598051177201171e-02,nan,nan,nan,nan,nan,nan,nan,nan,nan,1.365015563753909644e-01,1.583381007759217529e-01,nan,nan,nan,nan,nan,nan,nan,nan,nan,nan,nan,nan,nan,nan,nan,nan,nan,nan,nan,nan,nan,nan,nan,nan,nan,nan,7.476853489343916748e-02,7.523962905649515809e-02,7.658540678076257435e-02,nan,nan,nan,nan,nan,nan,nan,nan,nan,nan,nan,nan,nan,nan,nan,nan,nan,nan,nan,nan,nan,nan,nan,nan,nan,nan,nan,nan,nan,nan,3.580249293511093139e-02,3.815107764712794697e-02,3.903592587392604174e-02,4.105221243236310824e-02,nan,nan,nan,nan,nan,nan,nan,nan,nan,nan,1.039469552196626151e-01
nan,nan,nan,nan,nan,nan,nan,nan,nan,nan,nan,nan,nan,-1.043830837218269296e-02,nan,nan,nan,nan,nan,nan,nan,nan,nan,nan,2.043730375083671058e-01,2.388852994636625759e-01,2.818674745337055865e-01,nan,nan,nan,nan,nan,nan,nan,nan,nan,nan,nan,nan,nan,nan,nan,nan,nan,nan,nan,nan,nan,nan,nan,nan,8.516626169707419702e-02,8.636737489230308928e-02,8.776509767323853461e-02,9.294507940772306354e-02,nan,nan,nan,nan,nan,nan,nan,nan,nan,nan,nan,nan,nan,nan,nan,nan,nan,nan,nan,nan,nan,nan,nan,nan,nan,nan,nan,nan,nan,nan,4.480339356193641792e-02,4.883024846865084007e-02,5.155952282613387311e-02,nan,nan,nan,nan,nan,nan,nan,nan,nan,nan,nan,nan
nan,nan,nan,nan,nan,nan,nan,nan,nan,nan,nan,nan,nan,6.629224401975371793e-03,nan,nan,nan,nan,nan,nan,nan,nan,nan,nan,2.720776248008005549e-01,3.048612228339647734e-01,3.344132602980153246e-01,3.561625482726699654e-01,nan,nan,nan,nan,nan,nan,nan,nan,nan,nan,nan,nan,nan,nan,nan,nan,nan,nan,nan,nan,nan,nan,nan,9.697922899839037103e-02,9.657043887460617371e-02,9.799990768294206123e-02,1.055607662390720958e-01,nan,nan,nan,nan,nan,nan,nan,nan,nan,nan,nan,nan,nan,nan,nan,nan,nan,nan,nan,nan,nan,nan,nan,nan,nan,nan,nan,nan,nan,nan,5.258209458623486210e-02,5.617169585250483127e-02,6.192025952349178991e-02,nan,nan,nan,nan,nan,nan,nan,nan,nan,nan,nan,nan
nan,nan,nan,nan,nan,nan,nan,nan,nan,nan,nan,nan,nan,2.552030663623529663e-02,4.476501167183203483e-02,nan,nan,nan,nan,nan,nan,nan,nan,nan,nan,3.487545928058707334e-01,3.683930102457133038e-01,3.880678180544855915e-01,3.981065883480792156e-01,nan,nan,nan,nan,nan,nan,nan,nan,nan,nan,nan,nan,nan,nan,nan,nan,nan,nan,nan,nan,nan,1.205871600370777286e-01,1.112896648437992908e-01,1.079761187236754905e-01,1.082642557357501312e-01,nan,nan,nan,nan,nan,nan,nan,nan,nan,nan,nan,nan,nan,nan,nan,nan,nan,nan,nan,nan,nan,nan,nan,nan,nan,nan,nan,nan,nan,nan,5.152100148087122161e-02,6.032696603146224523e-02,6.275548484620889489e-02,7.222111357928202857e-02,nan,nan,nan,nan,nan,nan,nan,nan,nan,nan,nan,nan
nan,nan,nan,nan,nan,nan,nan,nan,nan,nan,nan,nan,nan,4.649597098456125649e-02,6.563574917769962602e-02,nan,nan,nan,nan,nan,nan,nan,nan,nan,nan,nan,3.932609950731497106e-01,4.011997075772019139e-01,4.115265808907019318e-01,4.179235510300083334e-01,nan,nan,nan,nan,nan,nan,nan,nan,nan,nan,nan,nan,nan,nan,nan,nan,nan,nan,nan,nan,1.442411166132806788e-01,1.287945117878054324e-01,1.213014463989743191e-01,1.206182143751938218e-01,nan,nan,nan,nan,nan,nan,nan,nan,nan,nan,nan,nan,nan,nan,nan,nan,nan,nan,nan,nan,nan,nan,nan,nan,nan,nan,nan,nan,nan,nan,6.509565792760864389e-02,6.821418300309081695e-02,7.078386871068717556e-02,nan,nan,nan,nan,nan,nan,nan,nan,nan,nan,nan,nan,nan
nan,nan,nan,nan,nan,nan,nan,nan,nan,nan,nan,nan,nan,6.763572096029746294e-02,8.160625882350169835e-02,nan,nan,nan,nan,nan,nan,nan,nan,nan,nan,nan,nan,4.128472222816558235e-01,4.171734491164326153e-01,4.232810651396163859e-01,4.352655873797784403e-01,4.477057113482874606e-01,4.651861055679941681e-01,nan,nan,nan,nan,nan,nan,nan,nan,nan,nan,nan,nan,nan,nan,nan,nan,2.001684218142244787e-01,1.708797147525278337e-01,1.510842956753182531e-01,1.374237841693817797e-01,nan,nan,nan,nan,nan,nan,nan,nan,nan,nan,nan,nan,nan,nan,nan,nan,nan,nan,nan,nan,nan,nan,nan,nan,nan,nan,nan,nan,nan,nan,nan,7.912315579319473269e-02,7.745539142678264932e-02,8.350297314030633022e-02,nan,nan,nan,nan,nan,nan,nan,nan,nan,nan,nan,nan,nan
nan,nan,nan,nan,nan,nan,nan,nan,nan,nan,nan,nan,nan,8.222550588585703091e-02,9.682963075562646404e-02,1.323868389184212901e-01,nan,nan,nan,nan,nan,nan,nan,nan,nan,nan,nan,nan,nan,4.302028189100386424e-01,4.421869108556242822e-01,4.561056437089167082e-01,4.798241314801685031e-01,5.113120811044952196e-01,5.430460527412113159e-01,5.735216876662366792e-01,6.054129878011591526e-01,6.348761226228382126e-01,nan,nan,nan,nan,nan,nan,nan,nan,3.886225523621472111e-01,3.316355025150480307e-01,2.804329046499290934e-01,2.371422241075643866e-01,1.977442564571402772e-01,1.732808861184302329e-01,1.567961641697787345e-01,nan,nan,nan,nan,nan,nan,nan,nan,nan,nan,nan,nan,nan,nan,nan,nan,nan,nan,nan,nan,nan,nan,nan,nan,nan,nan,nan,nan,nan,nan,9.248358499579795167e-02,9.038141557925725988e-02,8.909557089637377969e-02,nan,nan,nan,nan,nan,nan,nan,nan,nan,nan,nan,nan,nan,nan
nan,nan,nan,nan,nan,nan,nan,nan,nan,nan,nan,nan,nan,9.276662082818577792e-02,1.179161190709176465e-01,1.383371795506161961e-01,nan,nan,nan,nan,nan,nan,nan,nan,nan,nan,nan,nan,nan,nan,nan,nan,4.986747734430071466e-01,5.271126622843060883e-01,5.552586962836498774e-01,5.871238464452601669e-01,6.231009817288040153e-01,6.555740952247733899e-01,6.803021003960167956e-01,6.942068835937601490e-01,6.951750601329100832e-01,6.820304002265912269e-01,6.543577664622539647e-01,6.130767927693270281e-01,5.607101781278036601e-01,5.008096255481061521e-01,4.367192248913288610e-01,3.707493143442619488e-01,3.082811104755752707e-01,2.635596157749359736e-01,2.284101217581043508e-01,nan,nan,nan,nan,nan,nan,nan,nan,nan,nan,nan,nan,nan,nan,nan,nan,nan,nan,nan,nan,nan,nan,nan,nan,nan,nan,nan,nan,nan,nan,nan,1.026288968224961795e-01,1.034584494265653187e-01,1.001060242991969051e-01,nan,nan,nan,nan,nan,nan,nan,nan,nan,nan,nan,nan,nan,nan,nan
nan,nan,nan,nan,nan,nan,nan,nan,nan,nan,nan,nan,nan,nan,1.307134066423532026e-01,1.471322851748906868e-01,1.715518426246400996e-01,nan,nan,nan,nan,nan,nan,nan,nan,nan,nan,nan,nan,nan,nan,nan,nan,nan,nan,nan,nan,6.737297837051421379e-01,6.911792699612157032e-01,7.001512426871779882e-01,6.986414930315987259e-01,6.848466028702792086e-01,6.578546024514135837e-01,6.183372494284935517e-01,5.687519470651685172e-01,5.130173964899323868e-01,4.559354686500857734e-01,4.008932127456789063e-01,3.475166653581184817e-01,nan,nan,nan,nan,nan,nan,nan,nan,nan,nan,nan,nan,nan,nan,nan,nan,nan,nan,nan,nan,nan,nan,nan,nan,nan,nan,nan,nan,nan,nan,nan,nan,nan,1.111398785995422606e-01,1.099410779297570195e-01,1.152223879591929290e-01,nan,nan,nan,nan,nan,nan,nan,nan,nan,nan,nan,nan,nan,nan,nan
nan,nan,nan,nan,nan,nan,nan,nan,nan,nan,nan,nan,nan,nan,1.354627291831617120e-01,1.588251667940561995e-01,1.738485347384419455e-01,1.948081008567906780e-01,nan,nan,nan,nan,nan,nan,nan,nan,nan,nan,nan,nan,nan,nan,nan,nan,nan,nan,nan,nan,nan,nan,nan,nan,nan,nan,nan,nan,nan,nan,nan,nan,nan,nan,nan,nan,nan,nan,nan,nan,nan,nan,nan,nan,nan,nan,nan,nan,nan,nan,nan,nan,nan,nan,nan,nan,nan,nan,nan,nan,nan,nan,nan,1.079583180347361421e-01,1.111426425410678154e-01,1.168623591872400003e-01,nan,nan,nan,nan,nan,nan,nan,nan,nan,nan,nan,nan,nan,nan,nan,nan
nan,nan,nan,nan,nan,nan,nan,nan,nan,nan,nan,nan,nan,nan,nan,1.628693366128379505e-01,1.805508187631037487e-01,1.938903691745480495e-01,2.105208242769876226e-01,nan,nan,nan,nan,nan,nan,nan,nan,nan,nan,nan,nan,nan,nan,nan,nan,nan,nan,nan,nan,nan,nan,nan,nan,nan,nan,nan,nan,nan,nan,nan,nan,nan,nan,nan,nan,nan,nan,nan,nan,nan,nan,nan,nan,nan,nan,nan,nan,nan,nan,nan,nan,nan,nan,nan,nan,nan,nan,nan,nan,nan,9.469642422968740925e-02,1.014871904016483584e-01,1.094948337112622572e-01,nan,nan,nan,nan,nan,nan,nan,nan,nan,nan,nan,nan,nan,nan,nan,nan,nan
nan,nan,nan,nan,nan,nan,nan,nan,nan,nan,nan,nan,nan,nan,nan,nan,1.840168104093782286e-01,1.978765285711079347e-01,2.090069895199188899e-01,2.220798071340082114e-01,2.356574850037755908e-01,nan,nan,nan,nan,nan,nan,nan,nan,nan,nan,nan,nan,nan,nan,nan,nan,nan,nan,nan,nan,nan,nan,nan,nan,nan,nan,nan,nan,nan,nan,nan,nan,nan,nan,nan,nan,nan,nan,nan,nan,nan,nan,nan,nan,nan,nan,nan,nan,nan,nan,nan,nan,nan,nan,nan,nan,nan,nan,7.761962860536972264e-02,8.538176244170886386e-02,9.388574575992923721e-02,nan,nan,nan,nan,nan,nan,nan,nan,nan,nan,nan,nan,nan,nan,nan,nan,nan,nan
nan,nan,nan,nan,nan,nan,nan,nan,nan,nan,nan,nan,nan,nan,nan,nan,1.857203080468519119e-01,2.007690447861821548e-01,2.117113816793505798e-01,2.207729313233089685e-01,2.314398170133248056e-01,2.459031177184035355e-01,nan,nan,nan,nan,nan,nan,nan,nan,nan,nan,nan,nan,nan,nan,nan,nan,nan,nan,nan,nan,nan,nan,nan,nan,nan,nan,nan,nan,nan,nan,nan,nan,nan,nan,nan,nan,nan,nan,nan,nan,nan,nan,nan,nan,nan,nan,nan,nan,nan,nan,nan,nan,nan,nan,nan,nan,nan,6.816355190144557374e-02,7.474358776955453143e-02,nan,nan,nan,nan,nan,nan,nan,nan,nan,nan,nan,nan,nan,nan,nan,nan,nan,nan,nan
nan,nan,nan,nan,nan,nan,nan,nan,nan,nan,nan,nan,nan,nan,nan,nan,nan,2.019186455106040390e-01,2.136928481555288306e-01,2.220531801236595160e-01,2.291391710770978030e-01,2.382955813222034647e-01,2.527735388959026497e-01,nan,nan,nan,nan,nan,nan,nan,nan,nan,nan,nan,nan,nan,nan,nan,nan,nan,nan,nan,nan,nan,nan,nan,nan,nan,nan,nan,nan,nan,nan,nan,nan,nan,nan,nan,nan,nan,nan,nan,nan,nan,nan,nan,nan,nan,nan,nan,nan,nan,nan,nan,nan,nan,nan,nan,5.917761395825994059e-02,6.034979171193945169e-02,6.227423662333064769e-02,nan,nan,nan,nan,nan,nan,nan,nan,nan,nan,nan,nan,nan,nan,nan,nan,nan,nan,nan
nan,nan,nan,nan,nan,nan,nan,nan,nan,nan,nan,nan,nan,nan,nan,nan,nan,nan,2.130517622583377180e-01,2.217206301002369595e-01,2.276166118600651267e-01,2.328737571475994195e-01,2.413290226635876334e-01,2.557485081374902824e-01,nan,nan,nan,nan,nan,nan,nan,nan,nan,nan,nan,nan,nan,nan,nan,nan,nan,nan,nan,nan,nan,nan,nan,nan,nan,nan,nan,nan,nan,nan,nan,nan,nan,nan,nan,nan,nan,nan,nan,nan,nan,nan,nan,nan,nan,nan,nan,nan,nan,nan,nan,nan,nan,7.273212292858668993e-02,6.153921277897399927e-02,5.633750418323656833e-02,nan,nan,nan,nan,nan,nan,nan,nan,nan,nan,nan,nan,nan,nan,nan,nan,nan,nan,nan,nan
nan,nan,nan,nan,nan,nan,nan,nan,nan,nan,nan,nan,nan,nan,nan,nan,nan,nan,nan,2.173927169232267587e-01,2.233582972271201672e-01,2.273423358434279729e-01,2.316663466068141219e-01,2.406954691414298908e-01,2.561386504191223157e-01,nan,nan,nan,nan,nan,nan,nan,nan,nan,nan,nan,nan,nan,nan,nan,nan,nan,nan,nan,nan,nan,nan,nan,nan,nan,nan,nan,nan,nan,nan,nan,nan,nan,nan,nan,nan,nan,nan,nan,nan,nan,nan,nan,nan,nan,nan,nan,nan,nan,nan,nan,1.090552705054384092e-01,8.466490803848007729e-02,6.937178051744019580e-02,nan,nan,nan,nan,nan,nan,nan,nan,nan,nan,nan,nan,nan,nan,nan,nan,nan,nan,nan,nan,nan
nan,nan,nan,nan,nan,nan,nan,nan,nan,nan,nan,nan,nan,nan,nan,nan,nan,nan,nan,nan,2.143018700299041679e-01,2.191392300351887312e-01,2.228842172669035504e-01,2.284489002255748191e-01,2.402473047973925357e-01,2.586588758139111155e-01,nan,nan,nan,nan,nan,nan,nan,nan,nan,nan,nan,nan,nan,nan,nan,nan,nan,nan,nan,nan,nan,nan,nan,nan,nan,nan,nan,nan,nan,nan,nan,nan,nan,nan,nan,nan,nan,nan,nan,nan,nan,nan,nan,nan,nan,nan,nan,nan,nan,1.639595126316499285e-01,1.316724170334893362e-01,1.038665506029215341e-01,7.332211063782330396e-02,nan,nan,nan,nan,nan,nan,nan,nan,nan,nan,nan,nan,nan,nan,nan,nan,nan,nan,nan,nan,nan
nan,nan,nan,nan,nan,nan,nan,nan,nan,nan,nan,nan,nan,nan,nan,nan,nan,nan,nan,nan,nan,2.076654183350243321e-01,2.136453757574019729e-01,2.200962891278318567e-01,2.301065313705041027e-01,2.472561368513508384e-01,2.719149980634436581e-01,nan,nan,nan,nan,nan,nan,nan,nan,nan,nan,nan,nan,nan,nan,nan,nan,nan,nan,nan,nan,nan,nan,nan,nan,nan,nan,nan,nan,nan,nan,nan,nan,nan,nan,nan,nan,nan,nan,nan,nan,nan,nan,nan,nan,nan,nan,2.652380258086042275e-01,2.334268521927561069e-01,1.879104098766244124e-01,1.567161372541877318e-01,nan,nan,nan,nan,nan,nan,nan,nan,nan,nan,nan,nan,nan,nan,nan,nan,nan,nan,nan,nan,nan,nan,nan
nan,nan,nan,nan,nan,nan,nan,nan,nan,nan,nan,nan,nan,nan,nan,nan,nan,nan,nan,nan,nan,1.975081201753958737e-01,2.049899746936947875e-01,2.154463578256358980e-01,2.280290328934135580e-01,2.456974965602549132e-01,2.703265292705622214e-01,3.006590380403900142e-01,nan,nan,nan,nan,nan,nan,nan,nan,nan,nan,nan,nan,nan,nan,nan,nan,nan,nan,nan,nan,nan,nan,nan,nan,nan,nan,nan,nan,nan,nan,nan,nan,nan,nan,nan,nan,nan,nan,nan,nan,nan,nan,nan,3.473455807573118670e-01,3.189551455488272014e-01,2.864286824671800624e-01,2.575560727993753685e-01,2.079357084858138860e-01,nan,nan,nan,nan,nan,nan,nan,nan,nan,nan,nan,nan,nan,nan,nan,nan,nan,nan,nan,nan,nan,nan,nan,nan
nan,nan,nan,nan,nan,nan,nan,nan,nan,nan,nan,nan,nan,nan,nan,nan,nan,nan,nan,nan,nan,nan,nan,2.157561541084140055e-01,2.336872239594191270e-01,2.553656817128053813e-01,2.828102982339660842e-01,3.154200822419675476e-01,3.516402858722480484e-01,3.907159150190482322e-01,4.196360068800460419e-01,nan,nan,nan,nan,nan,nan,nan,nan,nan,nan,nan,nan,nan,nan,nan,nan,nan,nan,nan,nan,nan,nan,nan,nan,nan,nan,nan,nan,nan,nan,nan,nan,nan,nan,nan,nan,nan,nan,nan,3.579738460165573510e-01,3.494628366112005891e-01,3.337597567499740459e-01,2.962477728907449981e-01,nan,nan,nan,nan,nan,nan,nan,nan,nan,nan,nan,nan,nan,nan,nan,nan,nan,nan,nan,nan,nan,nan,nan,nan,nan,nan
nan,nan,nan,nan,nan,nan,nan,nan,nan,nan,nan,nan,nan,nan,nan,nan,nan,nan,nan,nan,nan,nan,nan,2.244628900448709385e-01,2.470253350090300115e-01,2.734672885901410777e-01,3.052697139314296537e-01,3.428984374457422768e-01,3.826116712794732644e-01,4.224348534439271163e-01,4.605026597342140593e-01,4.957745999702763973e-01,5.230819326155246030e-01,nan,nan,nan,nan,nan,nan,nan,nan,nan,nan,nan,nan,nan,nan,nan,nan,nan,nan,nan,nan,nan,nan,nan,nan,nan,nan,nan,nan,nan,nan,nan,nan,nan,nan,nan,nan,3.434920230757422810e-01,3.518779703318030694e-01,3.501154659539325587e-01,3.166707848207549469e-01,nan,nan,nan,nan,nan,nan,nan,nan,nan,nan,nan,nan,nan,nan,nan,nan,nan,nan,nan,nan,nan,nan,nan,nan,nan,nan,nan
nan,nan,nan,nan,nan,nan,nan,nan,nan,nan,nan,nan,nan,nan,nan,nan,nan,nan,nan,nan,nan,nan,nan,nan,2.763474381085176401e-01,3.002750064510738559e-01,3.338564876903405421e-01,3.718267620703032961e-01,4.163080043754652793e-01,4.619862731263593147e-01,5.039326756968723897e-01,5.406774474512391349e-01,5.711529024648971387e-01,5.944937701101522531e-01,6.094140191838635090e-01,6.154723076486587896e-01,6.156612658540232541e-01,6.028088116127140461e-01,nan,nan,nan,nan,nan,nan,nan,nan,nan,nan,nan,nan,nan,nan,nan,nan,nan,nan,nan,nan,nan,nan,nan,nan,nan,nan,nan,nan,nan,nan,3.044638390388457738e-01,3.257356815970391395e-01,3.246967611748214355e-01,nan,nan,nan,nan,nan,nan,nan,nan,nan,nan,nan,nan,nan,nan,nan,nan,nan,nan,nan,nan,nan,nan,nan,nan,nan,nan,nan,nan,nan
nan,nan,nan,nan,nan,nan,nan,nan,nan,nan,nan,nan,nan,nan,nan,nan,nan,nan,nan,nan,nan,nan,nan,nan,nan,nan,3.701304496272679323e-01,4.107703169917394370e-01,4.501869910536515085e-01,4.910653822465297358e-01,5.334100107720868289e-01,5.745484931449863497e-01,6.101608104493891904e-01,6.370868806328510159e-01,6.542783398382697735e-01,6.616624184705101053e-01,6.594160014383613211e-01,6.482019819487211398e-01,6.284157571758283156e-01,6.010351933956222803e-01,5.680213536604284963e-01,5.372029174420838160e-01,4.992950746258471018e-01,nan,nan,nan,nan,nan,nan,nan,nan,nan,nan,nan,nan,nan,nan,nan,nan,nan,nan,nan,nan,nan,nan,nan,nan,2.500674619402763477e-01,2.753817345715465770e-01,2.740278766303008151e-01,nan,nan,nan,nan,nan,nan,nan,nan,nan,nan,nan,nan,nan,nan,nan,nan,nan,nan,nan,nan,nan,nan,nan,nan,nan,nan,nan,nan,nan,nan
nan,nan,nan,nan,nan,nan,nan,nan,nan,nan,nan,nan,nan,nan,nan,nan,nan,nan,nan,nan,nan,nan,nan,nan,nan,nan,nan,nan,4.991565418912906615e-01,5.362146410899772953e-01,5.738095753012929512e-01,6.074054868584641831e-01,6.366640270122897460e-01,6.601486973666651492e-01,6.769513951855338219e-01,6.864353310819537590e-01,6.878346069253152839e-01,6.800027019919895332e-01,6.621200717219400955e-01,6.348266985161070686e-01,5.996058999569449099e-01,5.580962025174630581e-01,5.119271374192847501e-01,4.629882568341930349e-01,4.174779008573871741e-01,nan,nan,nan,nan,nan,nan,nan,nan,nan,nan,nan,nan,nan,nan,nan,nan,nan,nan,nan,nan,nan,1.943835376117420688e-01,2.148630897717268839e-01,2.204194695352233169e-01,2.094480260163779362e-01,nan,nan,nan,nan,nan,nan,nan,nan,nan,nan,nan,nan,nan,nan,nan,nan,nan,nan,nan,nan,nan,nan,nan,nan,nan,nan,nan,nan,nan,nan
nan,nan,nan,nan,nan,nan,nan,nan,nan,nan,nan,nan,nan,nan,nan,nan,nan,nan,nan,nan,nan,nan,nan,nan,nan,nan,nan,nan,nan,nan,nan,nan,nan,6.970697162519033929e-01,7.125594858579616941e-01,7.170157727133966707e-01,7.125122670934125324e-01,6.993853929921124424e-01,6.783153207827222753e-01,6.501264151005045067e-01,6.155811803793315162e-01,5.747332204332266103e-01,5.284488646967396841e-01,4.786124179905438258e-01,4.276729772540194263e-01,3.780173442581886700e-01,3.321308357220775775e-01,2.970597362128242769e-01,nan,nan,nan,nan,nan,nan,nan,nan,nan,nan,nan,nan,nan,nan,nan,nan,nan,1.549951736232304256e-01,1.639241949732988812e-01,1.724687767751318657e-01,1.375660476381899699e-01,nan,nan,nan,nan,nan,nan,nan,nan,nan,nan,nan,nan,nan,nan,nan,nan,nan,nan,nan,nan,nan,nan,nan,nan,nan,nan,nan,nan,nan,nan,nan
nan,nan,nan,nan,nan,nan,nan,nan,nan,nan,nan,nan,nan,nan,nan,nan,nan,nan,nan,nan,nan,nan,nan,nan,nan,nan,nan,nan,nan,nan,nan,nan,nan,nan,nan,nan,nan,nan,6.991326545571783235e-01,6.661993321952335290e-01,6.258218710248868444e-01,5.809956172944826802e-01,5.325221536057918037e-01,4.818598620923529308e-01,4.312530570311771672e-01,3.826436212747512666e-01,3.377907249267511625e-01,2.995169135543242489e-01,2.695988445931760125e-01,2.511307512044639312e-01,2.424700956517427397e-01,2.459918609449777971e-01,2.618479592763999775e-01,nan,nan,nan,nan,nan,nan,nan,nan,nan,nan,nan,1.413458856486300708e-01,1.321293399120574974e-01,1.335971070579907161e-01,1.002487031420687957e-01,9.094831995769832311e-02,nan,nan,nan,nan,nan,nan,nan,nan,nan,nan,nan,nan,nan,nan,nan,nan,nan,nan,nan,nan,nan,nan,nan,nan,nan,nan,nan,nan,nan,nan,nan
nan,nan,nan,nan,nan,nan,nan,nan,nan,nan,nan,nan,nan,nan,nan,nan,nan,nan,nan,nan,nan,nan,nan,nan,nan,nan,nan,nan,nan,nan,nan,nan,nan,nan,nan,nan,nan,nan,nan,nan,nan,5.827965449290689604e-01,5.296571367570713784e-01,4.770945247335834916e-01,4.258428262793886310e-01,3.768548802778253770e-01,3.332742860953797903e-01,2.973646070814746079e-01,2.706631659736286055e-01,2.546399462737393149e-01,2.499065653621671823e-01,2.552868442248606984e-01,2.678513978251709227e-01,2.839751305041430807e-01,3.001650614998168098e-01,3.134022117553863507e-01,3.212025384834102937e-01,3.216299009406431431e-01,3.135198893469814951e-01,2.965550397852279030e-01,2.704473554411117031e-01,2.354084637131930446e-01,1.942204218870012267e-01,1.547428763478749802e-01,1.276018055780983596e-01,1.150303980776644225e-01,9.042007849407890374e-02,5.231552931118414740e-02,nan,nan,nan,nan,nan,nan,nan,nan,nan,nan,nan,nan,nan,nan,nan,nan,nan,nan,nan,nan,nan,nan,nan,nan,nan,nan,nan,nan,nan,nan,nan,nan
nan,nan,nan,nan,nan,nan,nan,nan,nan,nan,nan,nan,nan,nan,nan,nan,nan,nan,nan,nan,nan,nan,nan,nan,nan,nan,nan,nan,nan,nan,nan,nan,nan,nan,nan,nan,nan,nan,nan,nan,nan,nan,nan,4.632760963145528543e-01,4.093788725640697401e-01,3.621759090776202616e-01,3.210367427573173060e-01,2.867577022891251159e-01,2.622965739833665322e-01,2.493489359017151130e-01,2.477436341958162980e-01,2.556813845093938720e-01,2.700818084183627676e-01,2.874016217104786164e-01,3.042261893556136298e-01,3.174128058837928368e-01,3.242810833940316106e-01,3.228593952462739947e-01,3.120573246174820348e-01,2.917837772189906809e-01,2.629358723769294470e-01,2.273082754349662338e-01,1.879607699015768685e-01,1.503526267117447079e-01,1.208230954307709520e-01,9.258812101845703690e-02,5.674900964813588133e-02,2.460771366180656075e-02,nan,nan,nan,nan,nan,nan,nan,nan,nan,nan,nan,nan,nan,nan,nan,nan,nan,nan,nan,nan,nan,nan,nan,nan,nan,nan,nan,nan,nan,nan,nan,nan
nan,nan,nan,nan,nan,nan,nan,nan,nan,nan,nan,nan,nan,nan,nan,nan,nan,nan,nan,nan,nan,nan,nan,nan,nan,nan,nan,nan,nan,nan,nan,nan,nan,nan,nan,nan,nan,nan,nan,nan,nan,nan,nan,nan,nan,3.327991023877905907e-01,2.952575954487319798e-01,2.667270319367426867e-01,2.469018880951589778e-01,2.372083722512271231e-01,2.383514155791169875e-01,2.487450665980744102e-01,2.652526764249272251e-01,2.842844247817939984e-01,3.023133590949572125e-01,3.160787486511128508e-01,3.228259626800656368e-01,3.206091851585924357e-01,3.085206882811248330e-01,2.868023408973354171e-01,2.567477921525723183e-01,2.206411544604204855e-01,1.815554120900240154e-01,1.432550926196836383e-01,1.076707850709398145e-01,7.241180461161478288e-02,3.852627477995444749e-02,1.169432457098457979e-02,nan,nan,nan,nan,nan,nan,nan,nan,nan,nan,nan,nan,nan,nan,nan,nan,nan,nan,nan,nan,nan,nan,nan,nan,nan,nan,nan,nan,nan,nan,nan,nan
nan,nan,nan,nan,nan,nan,nan,nan,nan,nan,nan,nan,nan,nan,nan,nan,nan,nan,nan,nan,nan,nan,nan,nan,nan,nan,nan,nan,nan,nan,nan,nan,nan,nan,nan,nan,nan,nan,nan,nan,nan,nan,nan,nan,nan,nan,2.602342936240923388e-01,2.305717318893732992e-01,2.178969962023354634e-01,2.142211306173407992e-01,2.196641457673483566e-01,2.332176662367598519e-01,2.523113028469872732e-01,2.734672730541589103e-01,2.930817890912173485e-01,3.077905991908760908e-01,3.148324460151334936e-01,3.123530110918728009e-01,2.995901586553003093e-01,2.770257887372147287e-01,2.462860463287332990e-01,2.097845668352641968e-01,1.705630137185926154e-01,1.316575421473274443e-01,9.495726942414434157e-02,6.107290141160736513e-02,3.230552062564521348e-02,1.065940622770336979e-02,nan,nan,nan,nan,nan,nan,nan,nan,nan,nan,nan,nan,nan,nan,nan,nan,nan,nan,nan,nan,nan,nan,nan,nan,nan,nan,nan,nan,nan,nan,nan,nan
nan,nan,nan,nan,nan,nan,nan,nan,nan,nan,nan,nan,nan,nan,nan,nan,nan,nan,nan,nan,nan,nan,nan,nan,nan,nan,nan,nan,nan,nan,nan,nan,nan,nan,nan,nan,nan,nan,nan,nan,nan,nan,nan,nan,nan,nan,nan,nan,1.758973114447348884e-01,1.787498728642098744e-01,1.894622111334537118e-01,2.072604382876827855e-01,2.298387581338046104e-01,2.537009628626303859e-01,2.753597102681591413e-01,2.914022774791839576e-01,2.991944783318137291e-01,2.971483016327251536e-01,2.847793212010476527e-01,2.625515556336432410e-01,2.322838098152603947e-01,1.967284948339820538e-01,1.586935183031365215e-01,1.211428065500976953e-01,8.654547446189385373e-02,5.628798015690732182e-02,3.232493149389988052e-02,1.687403645488669973e-02,nan,nan,nan,nan,nan,nan,nan,nan,nan,nan,nan,nan,nan,nan,nan,nan,nan,nan,nan,nan,nan,nan,nan,nan,nan,nan,nan,nan,nan,nan,nan,nan
nan,nan,nan,nan,nan,nan,nan,nan,nan,nan,nan,nan,nan,nan,nan,nan,nan,nan,nan,nan,nan,nan,nan,nan,nan,nan,nan,nan,nan,nan,nan,nan,nan,nan,nan,nan,nan,nan,nan,nan,nan,nan,nan,nan,nan,nan,nan,nan,nan,1.304644877951008641e-01,1.516519313611359165e-01,1.739845055714459576e-01,2.010386812553498770e-01,2.280027837870382823e-01,2.516218658387235907e-01,2.692190987529540780e-01,2.777756312545429651e-01,2.767825174572350888e-01,2.650560527027920332e-01,2.444354521265524882e-01,2.161843372594262347e-01,1.825953457002795488e-01,1.469809035865287938e-01,1.122777813810737907e-01,8.083709995170768048e-02,5.545660833334176143e-02,3.603982836288813218e-02,2.628449744099696159e-02,nan,nan,nan,nan,nan,nan,nan,nan,nan,nan,nan,nan,nan,nan,nan,nan,nan,nan,nan,nan,nan,nan,nan,nan,nan,nan,nan,nan,nan,nan,nan,nan
nan,nan,nan,nan,nan,nan,nan,nan,nan,nan,nan,nan,nan,nan,nan,nan,nan,nan,nan,nan,nan,nan,nan,nan,nan,nan,nan,nan,nan,nan,nan,nan,nan,nan,nan,nan,nan,nan,nan,nan,nan,nan,nan,nan,nan,nan,nan,nan,nan,nan,1.168296724569527489e-01,1.427674846911973217e-01,1.712041184370203806e-01,1.962240029512349881e-01,2.244197299206805440e-01,2.437860559109911174e-01,2.533143108396191390e-01,2.538189018886098380e-01,2.424144936552854734e-01,2.235325474356349984e-01,1.975793561312405855e-01,1.667751514439975158e-01,1.337332798062245698e-01,1.029449729986864487e-01,7.593730954688017454e-02,5.454272182034790306e-02,3.967864650661063336e-02,3.399718812604681645e-02,nan,nan,nan,nan,nan,nan,nan,nan,nan,nan,nan,nan,nan,nan,nan,nan,nan,nan,nan,nan,nan,nan,nan,nan,nan,nan,nan,nan,nan,nan,nan,nan
nan,nan,nan,nan,nan,nan,nan,nan,nan,nan,nan,nan,nan,nan,nan,nan,nan,nan,nan,nan,nan,nan,nan,nan,nan,nan,nan,nan,nan,nan,nan,nan,nan,nan,nan,nan,nan,nan,nan,nan,nan,nan,nan,nan,nan,nan,nan,nan,nan,nan,nan,1.162566461252266120e-01,1.295053483461044985e-01,1.454821793092135884e-01,2.018839261690376918e-01,2.173663309493667484e-01,2.262215218952944307e-01,2.265760658200005606e-01,2.171454237299814127e-01,2.025238879627559996e-01,1.762868094807195918e-01,1.493991609954821165e-01,1.190924418482741387e-01,9.113273178345962511e-02,6.767282265478301306e-02,5.021564815050570674e-02,4.008108557834793445e-02,3.714935637635678745e-02,nan,nan,nan,nan,nan,nan,nan,nan,nan,nan,nan,nan,nan,nan,nan,nan,nan,nan,nan,nan,nan,nan,nan,nan,nan,nan,nan,nan,nan,nan,nan,nan
nan,nan,nan,nan,nan,nan,nan,nan,nan,nan,nan,nan,nan,nan,nan,nan,nan,nan,nan,nan,nan,nan,nan,nan,nan,nan,nan,nan,nan,nan,nan,nan,nan,nan,nan,nan,nan,nan,nan,nan,nan,nan,nan,nan,nan,nan,nan,nan,nan,nan,nan,nan,nan,1.458888023715518567e-01,1.602864743802970282e-01,nan,2.061264337822973358e-01,2.003575329519911297e-01,1.894143638308751487e-01,1.737890304378235939e-01,1.510971679168653659e-01,1.268252381257071459e-01,1.009754565300977763e-01,7.644573148870315027e-02,5.675393097915251012e-02,4.120691045490949833e-02,3.814532789483334602e-02,nan,nan,nan,nan,nan,nan,nan,nan,nan,nan,nan,nan,nan,nan,nan,nan,nan,nan,nan,nan,nan,nan,nan,nan,nan,nan,nan,nan,nan,nan,nan,nan,nan
nan,nan,nan,nan,nan,nan,nan,nan,nan,nan,nan,nan,nan,nan,nan,nan,nan,nan,nan,nan,nan,nan,nan,nan,nan,nan,nan,nan,nan,nan,nan,nan,nan,nan,nan,nan,nan,nan,nan,nan,nan,nan,5.718643063680169461e-03,-2.016629915106051578e-06,nan,nan,nan,nan,nan,nan,nan,nan,nan,nan,1.547985807455632135e-01,1.566577836529569612e-01,1.572625719470323313e-01,nan,1.656214254043721634e-01,1.439872803077632823e-01,1.258059784882694099e-01,1.002919518757754841e-01,7.822581021931025724e-02,5.791287301295974799e-02,3.902159421673759288e-02,3.439666895424717957e-02,nan,nan,nan,nan,nan,nan,nan,nan,nan,nan,nan,nan,nan,nan,nan,nan,nan,nan,nan,nan,nan,nan,nan,nan,nan,nan,nan,nan,nan,nan,nan,nan,nan,nan
nan,nan,nan,nan,nan,nan,nan,nan,nan,nan,nan,nan,nan,nan,nan,nan,nan,nan,nan,nan,nan,nan,nan,nan,nan,nan,nan,nan,nan,nan,nan,nan,nan,nan,nan,nan,nan,nan,nan,nan,nan,nan,nan,-3.640735488898679331e-03,nan,nan,nan,nan,nan,nan,nan,nan,nan,nan,nan,nan,1.454889709483355720e-01,1.292800642111747722e-01,1.133055430917582762e-01,nan,1.023542494884379511e-01,7.504328747682387224e-02,5.410074365865352730e-02,3.825916750085644330e-02,3.192426890213334589e-02,nan,nan,nan,nan,nan,nan,nan,nan,nan,nan,nan,nan,nan,nan,nan,nan,nan,nan,nan,nan,nan,nan,nan,nan,nan,nan,nan,nan,nan,nan,nan,nan,nan,nan,nan
nan,nan,nan,nan,nan,nan,nan,nan,nan,nan,nan,nan,nan,nan,nan,nan,nan,nan,nan,nan,nan,nan,nan,nan,nan,nan,nan,nan,nan,nan,nan,nan,nan,nan,nan,nan,nan,nan,nan,nan,nan,nan,nan,nan,nan,nan,nan,nan,nan,nan,nan,nan,nan,nan,nan,nan,nan,nan,9.983582849666523817e-02,8.210884766738769935e-02,6.319847730865627011e-02,4.969764722378320482e-02,4.068739631500493947e-02,nan,nan,nan,nan,nan,nan,nan,nan,nan,nan,nan,nan,nan,nan,nan,nan,nan,nan,nan,nan,nan,nan,nan,nan,nan,nan,nan,nan,nan,nan,nan,nan,nan,nan,nan,nan,nan
nan,nan,nan,nan,nan,nan,nan,nan,nan,nan,nan,nan,nan,nan,nan,nan,nan,nan,nan,nan,nan,nan,nan,nan,nan,nan,nan,nan,nan,nan,nan,nan,nan,nan,nan,nan,nan,nan,nan,nan,nan,nan,nan,nan,nan,nan,nan,nan,nan,nan,nan,nan,nan,nan,nan,nan,nan,nan,nan,nan,nan,nan,nan,nan,nan,nan,nan,nan,nan,nan,nan,nan,nan,nan,nan,nan,nan,nan,nan,nan,nan,nan,nan,nan,nan,nan,nan,nan,nan,nan,nan,nan,nan,nan,nan,nan,nan,nan,nan,9.653249217510396878e-04
nan,nan,nan,nan,nan,nan,nan,nan,nan,nan,nan,nan,nan,nan,nan,nan,nan,nan,nan,nan,nan,nan,nan,nan,nan,nan,nan,nan,nan,nan,nan,nan,nan,nan,nan,nan,nan,nan,nan,nan,nan,nan,nan,nan,nan,nan,nan,nan,nan,nan,nan,nan,nan,nan,nan,nan,nan,nan,nan,nan,nan,nan,nan,nan,nan,nan,nan,nan,nan,nan,nan,nan,nan,nan,nan,nan,nan,nan,nan,nan,nan,nan,nan,nan,nan,nan,nan,nan,nan,nan,nan,nan,nan,nan,nan,nan,nan,nan,nan,8.529502497430037269e-04
nan,nan,nan,nan,nan,nan,nan,nan,nan,nan,nan,nan,nan,nan,nan,nan,nan,nan,nan,nan,nan,nan,nan,nan,nan,nan,nan,nan,nan,nan,nan,nan,nan,nan,nan,nan,nan,nan,nan,nan,nan,nan,nan,nan,nan,nan,nan,nan,nan,nan,nan,nan,nan,nan,nan,nan,nan,nan,nan,nan,nan,nan,nan,nan,nan,nan,nan,nan,nan,nan,nan,nan,nan,nan,nan,nan,nan,nan,nan,nan,nan,nan,nan,nan,nan,nan,nan,nan,nan,nan,nan,nan,nan,nan,nan,nan,nan,nan,1.080808719959029836e-03,7.338911511300821606e-04
nan,nan,nan,nan,nan,nan,nan,nan,nan,nan,nan,nan,nan,nan,nan,nan,nan,nan,nan,nan,nan,nan,nan,nan,nan,nan,nan,nan,nan,nan,nan,nan,nan,nan,nan,nan,nan,nan,nan,nan,nan,nan,nan,nan,nan,nan,nan,nan,nan,nan,nan,nan,nan,nan,nan,nan,nan,nan,nan,nan,nan,nan,nan,nan,nan,nan,nan,nan,nan,nan,nan,nan,nan,nan,nan,nan,nan,nan,nan,nan,nan,nan,nan,nan,nan,nan,nan,nan,nan,nan,nan,nan,nan,nan,nan,nan,nan,nan,8.712933886326894870e-04,6.174528252845686536e-04
nan,nan,nan,nan,nan,nan,nan,nan,nan,nan,nan,nan,nan,nan,nan,nan,nan,nan,nan,nan,nan,nan,nan,nan,nan,nan,nan,nan,nan,nan,nan,nan,nan,nan,nan,nan,nan,nan,nan,nan,nan,nan,nan,nan,nan,nan,nan,nan,nan,nan,nan,nan,nan,nan,nan,nan,nan,nan,nan,nan,nan,nan,nan,nan,nan,nan,nan,nan,nan,nan,nan,nan,nan,nan,nan,nan,nan,nan,nan,nan,nan,nan,nan,nan,nan,nan,nan,nan,nan,nan,nan,nan,nan,nan,nan,nan,nan,nan,7.036587470006077641e-04,4.998474546261407565e-04
nan,nan,nan,nan,nan,nan,nan,nan,nan,nan,nan,nan,nan,nan,nan,nan,nan,nan,nan,nan,nan,nan,nan,nan,nan,nan,nan,nan,nan,nan,nan,nan,nan,nan,nan,nan,nan,nan,nan,nan,nan,nan,nan,nan,nan,nan,nan,nan,nan,nan,nan,nan,nan,nan,nan,nan,nan,nan,nan,nan,nan,nan,nan,nan,nan,nan,nan,nan,nan,nan,nan,nan,nan,nan,nan,nan,nan,nan,nan,nan,nan,nan,nan,nan,nan,nan,nan,nan,nan,nan,nan,nan,nan,nan,nan,nan,nan,nan,5.405851802509983742e-04,3.837438834932804083e-04
nan,nan,nan,nan,nan,nan,nan,nan,nan,nan,nan,nan,nan,nan,nan,nan,nan,nan,nan,nan,nan,nan,nan,nan,nan,nan,nan,nan,nan,nan,nan,nan,nan,nan,nan,nan,nan,nan,nan,nan,nan,nan,nan,nan,nan,nan,nan,nan,nan,nan,nan,nan,nan,nan,nan,nan,nan,nan,nan,nan,nan,nan,nan,nan,nan,nan,nan,nan,nan,nan,nan,nan,nan,nan,nan,nan,nan,nan,nan,nan,nan,nan,nan,nan,nan,nan,nan,nan,nan,nan,nan,nan,nan,nan,nan,nan,nan,nan,4.033201260909204003e-04,2.859394045886273317e-04
nan,nan,nan,nan,nan,nan,nan,nan,nan,nan,nan,nan,nan,nan,nan,nan,nan,nan,nan,nan,nan,nan,nan,nan,nan,nan,nan,nan,nan,nan,nan,nan,nan,nan,nan,nan,nan,nan,nan,nan,nan,nan,nan,nan,nan,nan,nan,nan,nan,nan,nan,nan,nan,nan,nan,nan,nan,nan,nan,nan,nan,nan,nan,nan,nan,nan,nan,nan,nan,nan,nan,nan,nan,nan,nan,nan,nan,nan,nan,nan,nan,nan,nan,nan,nan,nan,nan,nan,nan,nan,nan,nan,nan,nan,nan,nan,nan,nan,nan,1.798668441041563796e-04
nan,nan,nan,nan,nan,nan,nan,nan,nan,nan,nan,nan,nan,nan,nan,nan,nan,nan,nan,nan,nan,nan,nan,nan,nan,nan,nan,nan,nan,nan,nan,nan,nan,nan,nan,nan,nan,nan,nan,nan,nan,nan,nan,nan,nan,nan,nan,nan,nan,nan,nan,nan,nan,nan,nan,nan,nan,nan,nan,nan,nan,nan,nan,nan,nan,nan,nan,nan,nan,nan,nan,nan,nan,nan,nan,nan,nan,nan,nan,nan,nan,nan,nan,nan,nan,nan,nan,nan,nan,nan,nan,nan,nan,nan,nan,nan,nan,nan,nan,nan
nan,nan,nan,nan,nan,nan,nan,nan,nan,nan,nan,nan,nan,nan,nan,nan,nan,nan,nan,nan,nan,nan,nan,nan,nan,nan,nan,nan,nan,nan,nan,nan,nan,nan,nan,nan,nan,nan,nan,nan,nan,nan,nan,nan,nan,nan,nan,nan,nan,nan,nan,nan,nan,nan,nan,nan,nan,nan,nan,nan,nan,nan,nan,nan,nan,nan,nan,nan,nan,nan,nan,nan,nan,nan,nan,nan,nan,nan,nan,nan,nan,nan,nan,nan,nan,nan,nan,nan,nan,nan,nan,nan,nan,nan,nan,nan,nan,nan,nan,nan
nan,nan,nan,nan,nan,nan,nan,nan,nan,nan,nan,nan,nan,nan,nan,nan,nan,nan,nan,nan,nan,nan,nan,nan,nan,nan,nan,nan,nan,nan,nan,nan,nan,nan,nan,nan,nan,nan,nan,nan,nan,nan,nan,nan,nan,nan,nan,nan,nan,nan,nan,nan,nan,nan,nan,nan,nan,nan,nan,nan,nan,nan,nan,nan,nan,nan,nan,nan,nan,nan,nan,nan,nan,nan,nan,nan,nan,nan,nan,nan,nan,nan,nan,nan,nan,nan,nan,nan,nan,nan,nan,nan,nan,nan,nan,nan,nan,nan,nan,nan
nan,nan,nan,nan,nan,nan,nan,nan,nan,nan,nan,nan,nan,nan,nan,nan,nan,nan,nan,nan,nan,nan,nan,nan,nan,nan,nan,nan,nan,nan,nan,nan,nan,nan,nan,nan,nan,nan,nan,nan,nan,nan,nan,nan,nan,nan,nan,nan,nan,nan,nan,nan,nan,nan,nan,nan,nan,nan,nan,nan,nan,nan,nan,nan,nan,nan,nan,nan,nan,nan,nan,nan,nan,nan,nan,nan,nan,nan,nan,nan,nan,nan,nan,nan,nan,nan,nan,nan,nan,nan,nan,nan,nan,nan,nan,nan,nan,nan,nan,nan
nan,nan,nan,nan,nan,nan,nan,nan,nan,nan,nan,nan,nan,nan,nan,nan,nan,nan,nan,nan,nan,nan,nan,nan,nan,nan,nan,nan,nan,nan,nan,nan,nan,nan,nan,nan,nan,nan,nan,nan,nan,nan,nan,nan,nan,nan,nan,nan,nan,nan,nan,nan,nan,nan,nan,nan,nan,nan,nan,nan,nan,nan,nan,nan,nan,nan,nan,nan,nan,nan,nan,nan,nan,nan,nan,nan,nan,nan,nan,nan,nan,nan,nan,nan,nan,nan,nan,nan,nan,nan,nan,nan,nan,nan,nan,nan,nan,nan,nan,nan
nan,nan,nan,nan,nan,nan,nan,nan,nan,nan,nan,nan,nan,nan,nan,nan,nan,nan,nan,nan,nan,nan,nan,nan,nan,nan,nan,nan,nan,nan,nan,nan,nan,nan,nan,nan,nan,nan,nan,nan,nan,nan,nan,nan,nan,nan,nan,nan,nan,nan,nan,nan,nan,nan,nan,nan,nan,nan,nan,nan,nan,nan,nan,nan,nan,nan,nan,nan,nan,nan,nan,nan,nan,nan,nan,nan,nan,nan,nan,nan,nan,nan,nan,nan,nan,nan,nan,nan,nan,nan,nan,nan,nan,nan,nan,nan,nan,nan,nan,nan
nan,nan,nan,nan,nan,nan,nan,nan,nan,nan,nan,nan,nan,nan,nan,nan,nan,nan,nan,nan,nan,nan,nan,nan,nan,nan,nan,nan,nan,nan,nan,nan,nan,nan,nan,nan,nan,nan,nan,nan,nan,nan,nan,nan,nan,nan,nan,nan,nan,nan,nan,nan,nan,nan,nan,nan,nan,nan,nan,nan,nan,nan,nan,nan,nan,nan,nan,nan,nan,nan,nan,nan,nan,nan,nan,nan,nan,nan,nan,nan,nan,nan,nan,nan,nan,nan,nan,nan,nan,nan,nan,nan,nan,nan,nan,nan,nan,nan,nan,nan
nan,nan,nan,nan,nan,nan,nan,nan,nan,nan,nan,nan,nan,nan,nan,nan,nan,nan,nan,nan,nan,nan,nan,nan,nan,nan,nan,nan,nan,nan,nan,nan,nan,nan,nan,nan,nan,nan,nan,nan,nan,nan,nan,nan,nan,nan,nan,nan,nan,nan,nan,nan,nan,nan,nan,nan,nan,nan,nan,nan,nan,nan,nan,nan,nan,nan,nan,nan,nan,nan,nan,nan,nan,nan,nan,nan,nan,nan,nan,nan,nan,nan,nan,nan,nan,nan,nan,nan,nan,nan,nan,nan,nan,nan,nan,nan,nan,nan,nan,nan
nan,nan,nan,nan,nan,nan,nan,nan,nan,nan,nan,nan,nan,nan,nan,nan,nan,nan,nan,nan,nan,nan,nan,nan,nan,nan,nan,nan,nan,nan,nan,nan,nan,nan,nan,nan,nan,nan,nan,nan,nan,nan,nan,nan,nan,nan,nan,nan,nan,nan,nan,nan,nan,nan,nan,nan,nan,nan,nan,nan,nan,nan,nan,nan,nan,nan,nan,nan,nan,nan,nan,nan,nan,nan,nan,nan,nan,nan,nan,nan,nan,nan,nan,nan,nan,nan,nan,nan,nan,nan,nan,nan,nan,nan,nan,nan,nan,nan,nan,nan
nan,nan,nan,nan,nan,nan,nan,nan,nan,nan,nan,nan,nan,nan,nan,nan,nan,nan,nan,nan,nan,nan,nan,nan,nan,nan,nan,nan,nan,nan,nan,nan,nan,nan,nan,nan,nan,nan,nan,nan,nan,nan,nan,nan,nan,nan,nan,nan,nan,nan,nan,nan,nan,nan,nan,nan,nan,nan,nan,nan,nan,nan,nan,nan,nan,nan,nan,nan,nan,nan,nan,nan,nan,nan,nan,nan,nan,nan,nan,nan,nan,nan,nan,nan,nan,nan,nan,nan,nan,nan,nan,nan,nan,nan,nan,nan,nan,nan,nan,nan
nan,nan,nan,nan,nan,nan,nan,nan,nan,nan,nan,nan,nan,nan,nan,nan,nan,nan,nan,nan,nan,nan,nan,nan,nan,nan,nan,nan,nan,nan,nan,nan,nan,nan,nan,nan,nan,nan,nan,nan,nan,nan,nan,nan,nan,nan,nan,nan,nan,nan,nan,nan,nan,nan,nan,nan,nan,nan,nan,nan,nan,nan,nan,nan,nan,nan,nan,nan,nan,nan,nan,nan,nan,nan,nan,nan,nan,nan,nan,nan,nan,nan,nan,nan,nan,nan,nan,nan,nan,nan,nan,nan,nan,nan,nan,nan,nan,nan,nan,nan
nan,nan,nan,nan,nan,nan,nan,nan,nan,nan,nan,nan,nan,nan,nan,nan,nan,nan,nan,nan,nan,nan,nan,nan,nan,nan,nan,nan,nan,nan,nan,nan,nan,nan,nan,nan,nan,nan,nan,nan,nan,nan,nan,nan,nan,nan,nan,nan,nan,nan,nan,nan,nan,nan,nan,nan,nan,nan,nan,nan,nan,nan,nan,nan,nan,nan,nan,nan,nan,nan,nan,nan,nan,nan,nan,nan,nan,nan,nan,nan,nan,nan,nan,nan,nan,nan,nan,nan,nan,nan,nan,nan,nan,nan,nan,nan,nan,nan,nan,nan
nan,nan,nan,nan,nan,nan,nan,nan,nan,nan,nan,nan,nan,nan,nan,nan,nan,nan,nan,nan,nan,nan,nan,nan,nan,nan,nan,nan,nan,nan,nan,nan,nan,nan,nan,nan,nan,nan,nan,nan,nan,nan,nan,nan,nan,nan,nan,nan,nan,nan,nan,nan,nan,nan,nan,nan,nan,nan,nan,nan,nan,nan,nan,nan,nan,nan,nan,nan,nan,nan,nan,nan,nan,nan,nan,nan,nan,nan,nan,nan,nan,nan,nan,nan,nan,nan,nan,nan,nan,nan,nan,nan,nan,nan,nan,nan,nan,nan,nan,nan
nan,nan,nan,nan,nan,nan,nan,nan,nan,nan,nan,nan,nan,nan,nan,nan,nan,nan,nan,nan,nan,nan,nan,nan,nan,nan,nan,nan,nan,nan,nan,nan,nan,nan,nan,nan,nan,nan,nan,nan,nan,nan,nan,nan,nan,nan,nan,nan,nan,nan,nan,nan,nan,nan,nan,nan,nan,nan,nan,nan,nan,nan,nan,nan,nan,nan,nan,nan,nan,nan,nan,nan,nan,nan,nan,nan,nan,nan,nan,nan,nan,nan,nan,nan,nan,nan,nan,nan,nan,nan,nan,nan,nan,nan,nan,nan,nan,nan,nan,nan
nan,nan,nan,nan,nan,nan,nan,nan,nan,nan,nan,nan,nan,nan,nan,nan,nan,nan,nan,nan,nan,nan,nan,nan,nan,nan,nan,nan,nan,nan,nan,nan,nan,nan,nan,nan,nan,nan,nan,nan,nan,nan,nan,nan,nan,nan,nan,nan,nan,nan,nan,nan,nan,nan,nan,nan,nan,nan,nan,nan,nan,nan,nan,nan,nan,nan,nan,nan,nan,nan,nan,nan,nan,nan,nan,nan,nan,nan,nan,nan,nan,nan,nan,nan,nan,nan,nan,nan,nan,nan,nan,nan,nan,nan,nan,nan,nan,nan,nan,nan
