nan,nan,nan,nan,nan,nan,nan,nan,nan,nan,nan,nan,nan,nan,nan,nan,nan,nan,nan,nan,nan,nan,nan,nan,nan,nan,nan,nan,nan,nan,nan,nan,nan,nan,nan,nan,nan,nan,nan,nan,nan,nan,nan,nan,nan,nan,nan,nan,nan,nan,nan,nan,nan,nan,nan,nan,nan,nan,nan,nan,nan,nan,nan,nan,nan,nan,nan,nan,nan,nan,nan,nan,nan,nan,nan,nan,nan,nan,nan,nan,nan,nan,nan,nan,nan,nan,nan,nan,nan,nan,1.749241384597064223e-04,1.033274531930030582e-04,5.183491295249135475e-05,1.477141113977447738e-05,-6.978500605799415876e-06,-1.806267164510125118e-05,-2.234193636991138588e-05,-2.246440174964501295e-05,-2.028078997939999610e-05,-1.711338006945645752e-05
nan,nan,nan,nan,nan,nan,nan,nan,nan,nan,nan,nan,nan,nan,nan,nan,nan,nan,nan,nan,nan,nan,nan,nan,nan,nan,nan,nan,nan,nan,nan,nan,nan,nan,nan,nan,nan,nan,nan,nan,nan,nan,nan,nan,nan,nan,nan,nan,nan,nan,nan,nan,nan,nan,nan,nan,nan,nan,nan,nan,nan,nan,nan,nan,nan,nan,nan,nan,nan,nan,nan,nan,nan,nan,nan,nan,nan,nan,nan,nan,nan,nan,nan,nan,nan,nan,nan,nan,nan,3.294645631289178610e-04,2.253276114603682792e-04,1.106846221755133388e-04,3.470627795080500055e-05,-1.188831678772397449e-05,-3.709498246754661555e-05,-4.682146906210716018e-05,-4.842598384787155766e-05,-4.470877076167780226e-05,-3.833560116852932295e-05,-3.077815303088625779e-05
nan,nan,nan,nan,nan,nan,nan,nan,nan,nan,nan,nan,nan,nan,nan,nan,nan,nan,nan,nan,nan,nan,nan,nan,nan,nan,nan,nan,nan,nan,nan,nan,nan,nan,nan,nan,nan,nan,nan,nan,nan,nan,nan,nan,nan,nan,nan,nan,nan,nan,nan,nan,nan,nan,nan,nan,nan,nan,nan,nan,nan,nan,nan,nan,nan,nan,nan,nan,nan,nan,nan,nan,nan,nan,nan,nan,nan,nan,nan,nan,nan,nan,nan,nan,nan,nan,nan,nan,nan,nan,nan,6.330990829027908920e-05,-1.373748348282744212e-05,-6.769493613280561117e-05,-9.145795961945498646e-05,-9.645984342748935487e-05,-9.118078130775051650e-05,-7.930231289819499171e-05,-6.521643755956191399e-05,-5.149493357228684427e-05
nan,nan,nan,nan,nan,nan,nan,nan,nan,nan,nan,nan,nan,nan,nan,nan,nan,nan,nan,nan,nan,nan,nan,nan,nan,nan,nan,nan,nan,nan,nan,nan,nan,nan,nan,nan,nan,nan,nan,nan,nan,nan,nan,nan,nan,nan,nan,nan,nan,nan,nan,nan,nan,nan,nan,nan,nan,nan,nan,nan,nan,nan,nan,nan,nan,nan,nan,nan,nan,nan,nan,nan,nan,nan,nan,nan,nan,nan,nan,nan,nan,nan,nan,nan,nan,nan,nan,nan,nan,nan,nan,3.958578095082450551e-06,-1.274642031129787859e-04,-1.568190001254072435e-04,-1.704256269642861609e-04,-1.713465250018186121e-04,-1.568268238926771917e-04,-1.326041125743471216e-04,-1.062712724402143765e-04,-8.015178198940360902e-05
nan,nan,nan,nan,nan,nan,nan,nan,nan,nan,nan,nan,nan,nan,nan,nan,nan,nan,nan,nan,nan,nan,nan,nan,nan,nan,nan,nan,nan,nan,nan,nan,nan,nan,nan,nan,nan,nan,nan,nan,nan,nan,nan,nan,nan,nan,nan,nan,nan,nan,nan,nan,nan,nan,nan,nan,nan,nan,nan,nan,nan,nan,nan,nan,nan,nan,nan,nan,nan,nan,nan,nan,nan,nan,nan,nan,nan,nan,nan,nan,nan,nan,nan,nan,nan,nan,nan,nan,nan,nan,nan,nan,nan,-2.835184014782937711e-04,-2.823446262160960872e-04,-2.826710949303159050e-04,-2.402728014614291844e-04,-1.939777397913468510e-04,-1.536540843741349333e-04,-1.221560261587653943e-04
nan,nan,nan,nan,nan,nan,nan,nan,nan,nan,nan,nan,nan,nan,nan,nan,nan,nan,nan,nan,nan,nan,nan,nan,nan,nan,nan,nan,nan,nan,nan,nan,nan,nan,nan,nan,nan,7.980702186094640327e-02,4.942799752779888922e-02,2.256292655820161391e-02,-2.871082084390278247e-03,-2.496035620108148084e-02,-4.615134785503539894e-02,nan,nan,nan,nan,nan,nan,nan,nan,nan,nan,nan,nan,nan,nan,nan,nan,nan,nan,nan,nan,nan,nan,nan,nan,nan,nan,nan,nan,nan,nan,nan,nan,nan,nan,nan,nan,nan,nan,nan,nan,nan,nan,nan,nan,nan,nan,nan,nan,nan,nan,nan,nan,nan,nan,nan,nan,nan
nan,nan,nan,nan,nan,nan,nan,nan,nan,nan,nan,nan,nan,nan,nan,nan,nan,nan,nan,nan,nan,nan,nan,nan,nan,nan,nan,nan,nan,nan,nan,nan,nan,nan,nan,1.559034931806799751e-01,1.318956155637844851e-01,9.615019550517828195e-02,6.012362323514369722e-02,2.642864518271788310e-02,-3.903631496794423596e-03,-2.867102465166810818e-02,-4.756996301108427916e-02,-6.063270409204030154e-02,-6.856301331060417337e-02,-7.252451247565590287e-02,-7.629933931052254592e-02,nan,nan,nan,nan,nan,nan,nan,nan,nan,nan,nan,nan,nan,nan,nan,nan,nan,nan,nan,nan,nan,nan,nan,nan,nan,nan,nan,nan,nan,nan,nan,nan,nan,nan,nan,nan,nan,nan,nan,nan,nan,nan,nan,nan,nan,nan,nan,nan,nan,nan,nan,nan,nan
nan,nan,nan,nan,nan,nan,nan,nan,nan,nan,nan,nan,nan,nan,nan,nan,nan,nan,nan,nan,nan,nan,nan,nan,nan,nan,nan,nan,nan,nan,nan,nan,nan,2.132575283901019525e-01,1.971553386065727498e-01,1.689955640222720323e-01,1.458519814470987108e-01,1.125101992513432014e-01,nan,nan,nan,nan,nan,-5.848034843729027488e-02,-6.825199868513744106e-02,-7.251914940543631449e-02,-7.379983656688664240e-02,-7.355755511732298135e-02,-7.272493568930461783e-02,-7.197815673604619768e-02,-6.975770581071871757e-02,nan,nan,nan,nan,nan,nan,nan,nan,nan,nan,nan,nan,nan,nan,nan,nan,nan,nan,nan,nan,nan,nan,nan,nan,nan,nan,nan,nan,nan,nan,nan,nan,nan,nan,nan,nan,nan,nan,nan,nan,nan,nan,nan,nan,nan,nan,nan,nan,nan
nan,nan,nan,nan,nan,nan,nan,nan,nan,nan,nan,nan,nan,nan,nan,nan,nan,nan,nan,nan,nan,nan,nan,nan,nan,nan,nan,nan,nan,nan,nan,2.385657514716952032e-01,2.293421651432571429e-01,2.201254558754704715e-01,2.067236842147260334e-01,nan,nan,nan,nan,nan,nan,nan,nan,nan,nan,nan,nan,nan,-7.343673648290893752e-02,-7.213225307081110038e-02,-7.223784148271360228e-02,-7.432392094275110106e-02,-7.896602740658348329e-02,-7.911674737009390113e-02,nan,nan,nan,nan,nan,nan,nan,nan,nan,nan,nan,nan,nan,nan,nan,nan,nan,nan,nan,nan,nan,nan,nan,nan,nan,nan,nan,nan,nan,nan,nan,nan,nan,nan,nan,nan,nan,nan,nan,nan,nan,nan,nan,nan,nan,nan
nan,nan,nan,nan,nan,nan,nan,nan,nan,nan,nan,nan,nan,nan,nan,nan,nan,nan,nan,nan,nan,nan,nan,nan,nan,nan,nan,nan,nan,nan,2.217965659801527933e-01,2.250153762687580605e-01,2.295381689348493792e-01,nan,nan,nan,nan,nan,nan,nan,nan,nan,nan,nan,nan,nan,nan,nan,nan,nan,nan,nan,-8.458854446667571358e-02,-9.275868476953511021e-02,-1.128651739287248462e-01,-1.204137611724258317e-01,nan,nan,nan,nan,nan,nan,nan,nan,nan,nan,nan,nan,nan,nan,nan,nan,nan,nan,nan,nan,nan,nan,nan,nan,nan,nan,nan,nan,nan,nan,nan,nan,nan,nan,nan,nan,nan,nan,nan,nan,nan,nan,nan,nan
nan,nan,nan,nan,nan,nan,nan,nan,nan,nan,nan,nan,nan,nan,nan,nan,nan,nan,nan,nan,nan,nan,nan,nan,nan,nan,nan,nan,nan,1.899218011570862896e-01,2.013855351572486352e-01,2.154189155166051917e-01,nan,nan,nan,nan,nan,nan,nan,nan,nan,nan,nan,nan,nan,nan,nan,nan,nan,nan,nan,nan,nan,nan,-1.306035733760430861e-01,-1.543233394723431684e-01,-1.821759953776648233e-01,nan,nan,nan,nan,nan,nan,nan,nan,nan,nan,nan,nan,nan,nan,nan,nan,nan,nan,nan,nan,nan,nan,nan,nan,nan,nan,nan,nan,nan,nan,nan,nan,nan,nan,nan,nan,nan,nan,nan,nan,nan,nan,nan
nan,nan,nan,nan,nan,nan,nan,nan,nan,nan,nan,nan,nan,nan,nan,nan,nan,nan,nan,nan,nan,nan,nan,nan,nan,nan,nan,nan,1.534105279766586893e-01,1.650328600166809101e-01,1.831544290560974952e-01,nan,nan,nan,nan,nan,nan,nan,nan,nan,nan,nan,nan,nan,nan,nan,nan,nan,nan,nan,nan,nan,nan,nan,nan,-1.952144615469482425e-01,-2.075791220066045273e-01,-2.387127207570117482e-01,nan,nan,nan,nan,nan,nan,nan,nan,nan,nan,nan,nan,nan,nan,nan,nan,nan,nan,nan,nan,nan,nan,nan,nan,nan,nan,nan,nan,nan,nan,nan,nan,nan,nan,nan,nan,nan,nan,nan,nan,nan,nan
nan,nan,nan,nan,nan,nan,nan,nan,nan,nan,nan,nan,nan,nan,nan,nan,nan,nan,nan,nan,nan,nan,nan,nan,nan,nan,nan,1.268803645833918303e-01,1.299468020699744708e-01,1.445748362104524731e-01,nan,nan,nan,nan,nan,nan,nan,nan,nan,nan,nan,nan,nan,nan,nan,nan,nan,nan,nan,nan,nan,nan,nan,nan,nan,nan,nan,-2.608985056151045256e-01,-2.829858258620978617e-01,-2.956766014156744782e-01,nan,nan,nan,nan,nan,nan,nan,nan,nan,nan,nan,nan,nan,nan,nan,nan,nan,nan,nan,nan,nan,nan,nan,nan,nan,nan,nan,nan,nan,nan,nan,nan,nan,nan,nan,nan,nan,nan,nan,nan
nan,nan,nan,nan,nan,nan,nan,nan,nan,nan,nan,nan,nan,nan,nan,nan,nan,nan,nan,nan,nan,nan,nan,nan,nan,nan,1.257412860162170909e-01,1.174799947855072885e-01,1.187583411010771639e-01,nan,nan,nan,nan,nan,nan,nan,nan,nan,nan,nan,nan,nan,nan,nan,nan,nan,nan,nan,nan,nan,nan,nan,nan,nan,nan,nan,nan,nan,-3.040549912645170716e-01,-3.087417757834813314e-01,-3.195657650810669881e-01,-3.161427306649344793e-01,nan,nan,nan,nan,nan,nan,nan,nan,nan,nan,nan,nan,nan,nan,nan,nan,nan,nan,nan,nan,nan,nan,nan,nan,nan,nan,nan,nan,nan,nan,nan,nan,nan,nan,nan,nan,nan,nan
nan,nan,nan,nan,nan,nan,nan,nan,nan,nan,nan,nan,nan,nan,nan,nan,nan,nan,nan,nan,nan,nan,nan,nan,nan,1.644507900344360229e-01,1.376234742654374177e-01,1.215304003854540682e-01,nan,nan,nan,nan,nan,nan,nan,nan,nan,nan,nan,nan,nan,nan,nan,nan,nan,nan,nan,nan,nan,nan,nan,nan,nan,nan,nan,nan,nan,nan,nan,nan,-3.251124667109965283e-01,-3.267660777625222002e-01,-3.264663298791580237e-01,nan,nan,nan,nan,nan,nan,nan,nan,nan,nan,nan,nan,nan,nan,nan,nan,nan,nan,nan,nan,nan,nan,nan,nan,nan,nan,nan,nan,nan,nan,nan,nan,nan,nan,nan,nan,nan
nan,nan,nan,nan,nan,nan,nan,nan,nan,nan,nan,nan,nan,nan,nan,nan,nan,nan,nan,nan,nan,nan,nan,2.931506993107207415e-01,2.444254513124996531e-01,1.924329971342387258e-01,1.590972350271759872e-01,nan,nan,nan,nan,nan,nan,nan,nan,nan,nan,nan,nan,nan,nan,nan,nan,nan,nan,nan,nan,nan,nan,nan,nan,nan,nan,nan,nan,nan,nan,nan,nan,nan,nan,-3.337434697556169172e-01,-3.254579374608130848e-01,-3.193327360916982105e-01,-3.122684084208980360e-01,nan,nan,nan,nan,nan,nan,nan,nan,nan,nan,nan,nan,nan,nan,nan,nan,nan,nan,nan,nan,nan,nan,nan,nan,nan,nan,nan,nan,nan,nan,nan,nan,nan,nan,nan
nan,nan,nan,nan,nan,nan,nan,nan,nan,nan,nan,nan,nan,nan,nan,nan,nan,nan,nan,nan,nan,nan,4.151216311375081069e-01,3.541205131934849759e-01,2.889529894786933006e-01,nan,nan,nan,nan,nan,nan,nan,nan,nan,nan,nan,nan,nan,nan,nan,nan,nan,nan,nan,nan,nan,nan,nan,nan,nan,nan,nan,nan,nan,nan,nan,nan,nan,nan,nan,nan,nan,nan,-3.165996170478752036e-01,-3.060030126909069059e-01,-2.898381587043257768e-01,-2.747668592308052937e-01,nan,nan,nan,nan,nan,nan,nan,nan,nan,nan,nan,nan,nan,nan,nan,nan,nan,nan,nan,nan,nan,nan,nan,nan,nan,nan,nan,nan,nan,nan,nan,nan,nan
nan,nan,nan,nan,nan,nan,nan,nan,nan,nan,nan,nan,nan,nan,nan,nan,nan,nan,nan,nan,nan,5.540724373983240136e-01,4.806430045612549162e-01,4.140292591961608482e-01,nan,nan,nan,nan,nan,nan,nan,nan,nan,nan,nan,nan,nan,nan,nan,nan,nan,nan,nan,nan,nan,nan,nan,nan,nan,nan,nan,nan,nan,nan,nan,nan,nan,nan,nan,nan,nan,nan,nan,nan,nan,-2.801942366996484357e-01,-2.634961144542501965e-01,-2.407274408636224938e-01,nan,nan,nan,nan,nan,nan,nan,nan,nan,nan,nan,nan,nan,nan,nan,nan,nan,nan,nan,nan,nan,nan,nan,nan,nan,nan,nan,nan,nan,nan,nan,nan
nan,nan,nan,nan,nan,nan,nan,nan,nan,nan,nan,nan,nan,nan,nan,nan,nan,nan,nan,nan,6.934603654263393757e-01,6.233873019581290809e-01,5.546431101471356317e-01,nan,nan,nan,nan,nan,nan,nan,nan,nan,nan,nan,nan,nan,nan,nan,nan,nan,nan,nan,nan,nan,nan,nan,nan,nan,nan,nan,nan,nan,nan,nan,nan,nan,nan,nan,nan,nan,nan,nan,nan,nan,nan,nan,nan,-2.253083194748639329e-01,-1.984493122014445721e-01,-1.763631022786252001e-01,nan,nan,nan,nan,nan,nan,nan,nan,nan,nan,nan,nan,nan,nan,nan,nan,nan,nan,nan,nan,nan,nan,nan,nan,nan,nan,nan,nan,nan,nan
nan,nan,nan,nan,nan,nan,nan,nan,nan,nan,nan,nan,nan,nan,nan,nan,nan,nan,nan,8.182768292012406741e-01,7.578934666486522032e-01,6.956742818189315392e-01,nan,nan,nan,nan,nan,nan,nan,nan,nan,nan,nan,nan,nan,nan,nan,nan,nan,nan,nan,nan,nan,nan,nan,nan,nan,nan,nan,nan,nan,nan,nan,nan,nan,nan,nan,nan,nan,nan,nan,nan,nan,nan,nan,nan,nan,nan,-1.858470441480858382e-01,-1.603484813821599853e-01,-1.300681767179726611e-01,-1.053400029762271567e-01,nan,nan,nan,nan,nan,nan,nan,nan,nan,nan,nan,nan,nan,nan,nan,nan,nan,nan,nan,nan,nan,nan,nan,nan,nan,nan,nan,nan
nan,nan,nan,nan,nan,nan,nan,nan,nan,nan,nan,nan,nan,nan,nan,nan,nan,nan,9.150520581822878530e-01,8.672434852688719609e-01,8.218387650355225560e-01,nan,nan,nan,nan,nan,nan,nan,nan,nan,nan,nan,nan,nan,nan,nan,nan,nan,nan,nan,nan,nan,nan,nan,nan,nan,nan,nan,nan,nan,nan,nan,nan,nan,nan,nan,nan,nan,nan,nan,nan,nan,nan,nan,nan,nan,nan,nan,nan,nan,-1.164397247594409629e-01,-9.638001732592531290e-02,-7.089924103659951682e-02,-5.436178685587589321e-02,nan,nan,nan,nan,nan,nan,nan,nan,nan,nan,nan,nan,nan,nan,nan,nan,nan,nan,nan,nan,nan,nan,nan,nan,nan,nan
nan,nan,nan,nan,nan,nan,nan,nan,nan,nan,nan,nan,nan,nan,nan,nan,nan,nan,9.542550439340603541e-01,9.235611006261393863e-01,nan,nan,nan,nan,nan,nan,nan,nan,nan,nan,nan,1.325764113823025003e-01,1.026866158887140418e-01,7.771323517593628494e-02,5.343391515951898679e-02,2.896466403618879956e-02,4.530181807558365976e-03,-2.037998126136289501e-02,-4.590252710888972909e-02,-7.186242959381645978e-02,-9.927353119076927357e-02,-1.325701630883675541e-01,nan,nan,nan,nan,nan,nan,nan,nan,nan,nan,nan,nan,nan,nan,nan,nan,nan,nan,nan,nan,nan,nan,nan,nan,nan,nan,nan,nan,nan,nan,-6.456617836566796997e-02,-5.138989756984203849e-02,-4.243154208894951013e-02,-4.612255398297306075e-02,-5.408964800888083069e-02,-6.564450487575808346e-02,nan,nan,nan,nan,nan,nan,nan,nan,nan,nan,nan,nan,nan,nan,nan,nan,nan,nan,nan,nan,nan,nan
nan,nan,nan,nan,nan,nan,nan,nan,nan,nan,nan,nan,nan,nan,nan,nan,nan,1.007526727964372704e+00,9.896539623822401266e-01,9.608212912465926570e-01,nan,nan,nan,nan,nan,nan,nan,nan,nan,nan,2.119923674627835208e-01,1.753104873598702873e-01,1.326278981175998684e-01,9.281373150553411111e-02,6.225309123058905131e-02,3.447398461220389787e-02,7.070017296297942400e-03,-2.065900347059747635e-02,-4.919377114973323695e-02,-7.978128864468279902e-02,-1.144350545250078927e-01,-1.535473041940791927e-01,-1.893457067853392128e-01,-2.214472067384115894e-01,-2.582177008318695677e-01,nan,nan,nan,nan,nan,nan,nan,nan,nan,nan,nan,nan,nan,nan,nan,nan,nan,nan,nan,nan,nan,nan,nan,nan,nan,nan,nan,nan,nan,nan,-5.888495236064088950e-02,-7.052765386287015992e-02,-1.050044538325088650e-01,-1.338665428949363245e-01,nan,nan,nan,nan,nan,nan,nan,nan,nan,nan,nan,nan,nan,nan,nan,nan,nan,nan,nan,nan,nan
nan,nan,nan,nan,nan,nan,nan,nan,nan,nan,nan,nan,nan,nan,nan,nan,nan,1.020635551686953635e+00,1.011539649087883630e+00,nan,nan,nan,nan,nan,nan,nan,nan,nan,nan,2.984058937306737769e-01,2.535530164793225461e-01,2.061486474646640754e-01,1.674729537642804245e-01,nan,nan,nan,nan,nan,nan,nan,-1.360992569305449484e-01,-1.735392725962134064e-01,-2.079270030440141803e-01,-2.505299313234877756e-01,-3.003905106148992976e-01,-3.370922407075121474e-01,-3.755907751797062377e-01,nan,nan,nan,nan,nan,nan,nan,nan,nan,nan,nan,nan,nan,nan,nan,nan,nan,nan,nan,nan,nan,nan,nan,nan,nan,nan,nan,nan,nan,nan,-1.351079065127667178e-01,-1.617576862005417615e-01,-2.000440651977727913e-01,-2.275130598897621426e-01,nan,nan,nan,nan,nan,nan,nan,nan,nan,nan,nan,nan,nan,nan,nan,nan,nan,nan,nan
nan,nan,nan,nan,nan,nan,nan,nan,nan,nan,nan,nan,nan,nan,nan,nan,1.026173238182631620e+00,1.028505663935172842e+00,nan,nan,nan,nan,nan,nan,nan,nan,nan,nan,3.849668480630230594e-01,3.343214022008045849e-01,2.958588678943713801e-01,2.489780126841336649e-01,nan,nan,nan,nan,nan,nan,nan,nan,nan,nan,nan,-2.898073506240604891e-01,-3.302644921210173834e-01,-3.768093309279810788e-01,-4.259925369267754114e-01,-4.667154580063832547e-01,nan,nan,nan,nan,nan,nan,nan,nan,nan,nan,nan,nan,nan,nan,nan,nan,nan,nan,nan,nan,nan,nan,nan,nan,nan,nan,nan,nan,nan,nan,-2.002218550051741153e-01,-2.269723694439951256e-01,-2.544263440234218465e-01,-2.758095543441623221e-01,nan,nan,nan,nan,nan,nan,nan,nan,nan,nan,nan,nan,nan,nan,nan,nan,nan,nan
nan,nan,nan,nan,nan,nan,nan,nan,nan,nan,nan,nan,nan,nan,nan,nan,1.019215898849359814e+00,1.025287270079551671e+00,nan,nan,nan,nan,nan,nan,nan,nan,nan,nan,4.081529320499902580e-01,3.800836877410019854e-01,3.311139832664535265e-01,nan,nan,nan,nan,nan,nan,nan,nan,nan,nan,nan,nan,nan,nan,-4.209538368945974218e-01,-4.635205124208260918e-01,-5.136089296336043830e-01,-5.544237878880017290e-01,nan,nan,nan,nan,nan,nan,nan,nan,nan,nan,nan,nan,nan,nan,nan,nan,nan,nan,nan,nan,nan,nan,nan,nan,nan,nan,nan,nan,nan,nan,-2.529023675690603157e-01,-2.743863913978485392e-01,-2.887821762249391244e-01,-2.991251968085466562e-01,nan,nan,nan,nan,nan,nan,nan,nan,nan,nan,nan,nan,nan,nan,nan,nan,nan
nan,nan,nan,nan,nan,nan,nan,nan,nan,nan,nan,nan,nan,nan,nan,nan,1.002310056101842539e+00,1.014988252059608076e+00,nan,nan,nan,nan,nan,nan,nan,nan,nan,4.653726966133005516e-01,4.305189978196312106e-01,4.037158556914782204e-01,nan,nan,nan,nan,nan,nan,nan,nan,nan,nan,nan,nan,nan,nan,nan,nan,-5.062619265917293054e-01,-5.498011713384033383e-01,-5.892972115024240898e-01,-6.244294642795279460e-01,nan,nan,nan,nan,nan,nan,nan,nan,nan,nan,nan,nan,nan,nan,nan,nan,nan,nan,nan,nan,nan,nan,nan,nan,nan,nan,nan,nan,nan,nan,-2.852358398786721816e-01,-2.965869362105655882e-01,-2.982321283283219659e-01,-2.952270984389256947e-01,nan,nan,nan,nan,nan,nan,nan,nan,nan,nan,nan,nan,nan,nan,nan,nan
nan,nan,nan,nan,nan,nan,nan,nan,nan,nan,nan,nan,nan,nan,nan,9.478853134197494645e-01,9.686313872282824589e-01,nan,nan,nan,nan,nan,nan,nan,nan,nan,nan,4.566275459587196828e-01,4.478115772985435394e-01,nan,nan,nan,nan,nan,nan,nan,nan,nan,nan,nan,nan,nan,nan,nan,nan,nan,nan,-5.761237095291829036e-01,-6.160184024037227424e-01,-6.414486994749036830e-01,-6.650070539153688509e-01,-6.877135692262899003e-01,nan,nan,nan,nan,nan,nan,nan,nan,nan,nan,nan,nan,nan,nan,nan,nan,nan,nan,nan,nan,nan,nan,nan,nan,nan,nan,nan,nan,nan,-2.944018468634480024e-01,-2.917144490595516837e-01,-2.831761985563662765e-01,-2.660058747715291494e-01,nan,nan,nan,nan,nan,nan,nan,nan,nan,nan,nan,nan,nan,nan,nan
nan,nan,nan,nan,nan,nan,nan,nan,nan,nan,nan,nan,nan,nan,nan,9.094241441671984116e-01,9.276842716481588091e-01,nan,nan,nan,nan,nan,nan,nan,nan,nan,nan,4.469835357402537901e-01,4.435027793624136128e-01,nan,nan,nan,nan,nan,nan,nan,nan,nan,nan,nan,nan,nan,nan,nan,nan,nan,nan,nan,-6.207634890372748515e-01,-6.510427647453489453e-01,-6.609235762505737410e-01,-6.712142121713159382e-01,nan,nan,nan,nan,nan,nan,nan,nan,nan,nan,nan,nan,nan,nan,nan,nan,nan,nan,nan,nan,nan,nan,nan,nan,nan,nan,nan,nan,nan,nan,-2.807470315709058584e-01,-2.659627442401660824e-01,-2.493846073812083786e-01,nan,nan,nan,nan,nan,nan,nan,nan,nan,nan,nan,nan,nan,nan,nan
nan,nan,nan,nan,nan,nan,nan,nan,nan,nan,nan,nan,nan,nan,nan,8.649270657495118364e-01,8.867428991520091008e-01,nan,nan,nan,nan,nan,nan,nan,nan,nan,4.303220598842714684e-01,4.282082426701829814e-01,nan,nan,nan,nan,nan,nan,nan,nan,nan,nan,nan,nan,nan,nan,nan,nan,nan,nan,nan,nan,nan,-6.343227141461047491e-01,-6.507450310501788904e-01,-6.473813746832089988e-01,-6.470312230079342530e-01,nan,nan,nan,nan,nan,nan,nan,nan,nan,nan,nan,nan,nan,nan,nan,nan,nan,nan,nan,nan,nan,nan,nan,nan,nan,nan,nan,nan,nan,nan,-2.498517631727638910e-01,-2.322282479890027673e-01,-2.061604674286096894e-01,nan,nan,nan,nan,nan,nan,nan,nan,nan,nan,nan,nan,nan,nan
nan,nan,nan,nan,nan,nan,nan,nan,nan,nan,nan,nan,nan,nan,nan,8.022006316153522665e-01,8.297817097647630646e-01,nan,nan,nan,nan,nan,nan,nan,nan,nan,3.988702754197068767e-01,4.046257194086692599e-01,nan,nan,nan,nan,nan,nan,nan,nan,nan,nan,nan,nan,nan,nan,nan,nan,nan,nan,nan,nan,nan,nan,-6.199355299577722356e-01,-6.204225808798317088e-01,-6.106163301742213445e-01,-6.046304682418802701e-01,nan,nan,nan,nan,nan,nan,nan,nan,nan,nan,nan,nan,nan,nan,nan,nan,nan,nan,nan,nan,nan,nan,nan,nan,nan,nan,nan,nan,nan,-2.392044826039589345e-01,-2.140614511870525538e-01,-1.980260607093139724e-01,-1.639565075373475567e-01,nan,nan,nan,nan,nan,nan,nan,nan,nan,nan,nan,nan,nan
nan,nan,nan,nan,nan,nan,nan,nan,nan,nan,nan,nan,nan,nan,7.098677330782362516e-01,7.343608353823887214e-01,nan,nan,nan,nan,nan,nan,nan,nan,nan,nan,3.814492844251476389e-01,3.822542606605407456e-01,nan,nan,nan,nan,nan,nan,nan,nan,nan,nan,nan,nan,nan,nan,nan,nan,nan,nan,nan,nan,nan,nan,nan,-5.859465303494286736e-01,-5.772690181450509384e-01,-5.668554365645784854e-01,-5.552418856079190945e-01,nan,nan,nan,nan,nan,nan,nan,nan,nan,nan,nan,nan,nan,nan,nan,nan,nan,nan,nan,nan,nan,nan,nan,nan,nan,nan,nan,nan,nan,-2.103795882227329217e-01,-1.906557001327083001e-01,-1.724405654715876479e-01,-1.337357215416421496e-01,nan,nan,nan,nan,nan,nan,nan,nan,nan,nan,nan,nan
nan,nan,nan,nan,nan,nan,nan,nan,nan,nan,nan,nan,nan,nan,6.521426407253001489e-01,6.700856886059007866e-01,nan,nan,nan,nan,nan,nan,nan,nan,nan,3.833207134925232240e-01,3.739019825358349536e-01,nan,nan,nan,nan,nan,nan,nan,nan,nan,nan,nan,nan,nan,nan,nan,nan,nan,nan,nan,nan,nan,nan,nan,nan,-5.455227270991558353e-01,-5.451420779190884192e-01,-5.389332548589618188e-01,-5.295668090464987765e-01,nan,nan,nan,nan,nan,nan,nan,nan,nan,nan,nan,nan,nan,nan,nan,nan,nan,nan,nan,nan,nan,nan,nan,nan,nan,nan,nan,nan,nan,-2.226604680049514284e-01,-1.960668204537344139e-01,-1.859467381987569834e-01,-1.605322698504895174e-01,nan,nan,nan,nan,nan,nan,nan,nan,nan,nan,nan,nan
nan,nan,nan,nan,nan,nan,nan,nan,nan,nan,nan,nan,nan,nan,5.989929502234296876e-01,6.161567539021410855e-01,nan,nan,nan,nan,nan,nan,nan,nan,nan,3.919559031525901571e-01,3.812564260865345389e-01,nan,nan,nan,nan,nan,nan,nan,nan,nan,nan,nan,nan,nan,nan,nan,nan,nan,nan,nan,nan,nan,nan,nan,nan,nan,-5.186728589803842882e-01,-5.167822124741138223e-01,-5.125163513035350116e-01,nan,nan,nan,nan,nan,nan,nan,nan,nan,nan,nan,nan,nan,nan,nan,nan,nan,nan,nan,nan,nan,nan,nan,nan,nan,nan,nan,nan,nan,nan,-2.208582753686706979e-01,-2.079008969255191908e-01,-1.950770368343059946e-01,-1.680239159573102548e-01,nan,nan,nan,nan,nan,nan,nan,nan,nan,nan,nan
nan,nan,nan,nan,nan,nan,nan,nan,nan,nan,nan,nan,nan,nan,5.430808557612738507e-01,5.621286139026548945e-01,nan,nan,nan,nan,nan,nan,nan,nan,nan,4.161846958083130210e-01,3.970354256799604187e-01,nan,nan,nan,nan,nan,nan,nan,nan,nan,nan,nan,nan,nan,nan,nan,nan,nan,nan,nan,nan,nan,nan,nan,nan,nan,-5.009726656319114513e-01,-5.040566626109310722e-01,-5.032430217167582764e-01,-4.962999290473803504e-01,nan,nan,nan,nan,nan,nan,nan,nan,nan,nan,nan,nan,nan,nan,nan,nan,nan,nan,nan,nan,nan,nan,nan,nan,nan,nan,nan,nan,nan,-2.595373936387775360e-01,-2.429819625403139838e-01,-2.340418428323752520e-01,-2.097197339109218017e-01,nan,nan,nan,nan,nan,nan,nan,nan,nan,nan,nan
nan,nan,nan,nan,nan,nan,nan,nan,nan,nan,nan,nan,nan,4.790783422455203722e-01,4.929906001825458683e-01,nan,nan,nan,nan,nan,nan,nan,nan,nan,4.796594065142922303e-01,4.588063798702544105e-01,4.296710031299596499e-01,nan,nan,nan,nan,nan,nan,nan,nan,nan,nan,nan,nan,nan,nan,nan,nan,nan,nan,nan,nan,nan,nan,nan,nan,nan,-4.932233585029364153e-01,-4.990061117746709130e-01,-4.992692161237314297e-01,-4.935567676712366847e-01,nan,nan,nan,nan,nan,nan,nan,nan,nan,nan,nan,nan,nan,nan,nan,nan,nan,nan,nan,nan,nan,nan,nan,nan,nan,nan,nan,nan,nan,-3.037524950916246635e-01,-2.849656269424021282e-01,-2.759953662871341695e-01,-2.549038798967483421e-01,nan,nan,nan,nan,nan,nan,nan,nan,nan,nan,nan
nan,nan,nan,nan,nan,nan,nan,nan,nan,nan,nan,nan,nan,4.424028681157068377e-01,4.525360501628610810e-01,nan,nan,nan,nan,nan,nan,nan,nan,nan,5.133189381092877479e-01,5.020034855308737054e-01,nan,nan,nan,nan,nan,nan,nan,nan,nan,nan,nan,nan,nan,nan,nan,nan,nan,nan,nan,nan,nan,nan,nan,nan,nan,nan,-4.916824616882828347e-01,-4.971966257854175675e-01,-4.975550751095046409e-01,-4.922555212582345185e-01,nan,nan,nan,nan,nan,nan,nan,nan,nan,nan,nan,nan,nan,nan,nan,nan,nan,nan,nan,nan,nan,nan,nan,nan,nan,nan,nan,nan,nan,-3.428655003845856863e-01,-3.222832964470115358e-01,-3.132616916448017208e-01,-2.931240751197690120e-01,nan,nan,nan,nan,nan,nan,nan,nan,nan,nan,nan
nan,nan,nan,nan,nan,nan,nan,nan,nan,nan,nan,nan,nan,4.180495518328313787e-01,4.248850060192239653e-01,nan,nan,nan,nan,nan,nan,nan,nan,nan,5.430607860623891670e-01,5.394268695875352737e-01,nan,nan,nan,nan,nan,nan,nan,nan,nan,nan,nan,nan,nan,nan,nan,nan,nan,nan,nan,nan,nan,nan,nan,nan,nan,nan,-4.905355878419305760e-01,-4.945890756607611016e-01,-4.947254789114685636e-01,-4.894983603651707482e-01,nan,nan,nan,nan,nan,nan,nan,nan,nan,nan,nan,nan,nan,nan,nan,nan,nan,nan,nan,nan,nan,nan,nan,nan,nan,nan,nan,nan,nan,-3.607278931264803479e-01,-3.456907755921189151e-01,-3.381746074826919579e-01,-3.208908093393207372e-01,nan,nan,nan,nan,nan,nan,nan,nan,nan,nan,nan
nan,nan,nan,nan,nan,nan,nan,nan,nan,nan,nan,nan,nan,3.984337695006123226e-01,4.031369350413318564e-01,nan,nan,nan,nan,nan,nan,nan,nan,nan,5.625920188040725023e-01,5.634012255727322005e-01,nan,nan,nan,nan,nan,nan,nan,nan,nan,nan,nan,nan,nan,nan,nan,nan,nan,nan,nan,nan,nan,nan,nan,nan,nan,nan,-4.862024773165021241e-01,-4.887649789525154720e-01,-4.886153309319460347e-01,-4.838538170740938060e-01,nan,nan,nan,nan,nan,nan,nan,nan,nan,nan,nan,nan,nan,nan,nan,nan,nan,nan,nan,nan,nan,nan,nan,nan,nan,nan,nan,nan,nan,-3.597038023303703036e-01,-3.515661564155394547e-01,-3.468103383676923723e-01,-3.343526482599666338e-01,nan,nan,nan,nan,nan,nan,nan,nan,nan,nan,nan
nan,nan,nan,nan,nan,nan,nan,nan,nan,nan,nan,nan,nan,3.831868083130033353e-01,3.844446050464390696e-01,nan,nan,nan,nan,nan,nan,nan,nan,nan,5.629453712416475630e-01,5.615248455066645938e-01,nan,nan,nan,nan,nan,nan,nan,nan,nan,nan,nan,nan,nan,nan,nan,nan,nan,nan,nan,nan,nan,nan,nan,nan,nan,nan,-4.769617172950157968e-01,-4.787162629311166873e-01,-4.782629854854105744e-01,nan,nan,nan,nan,nan,nan,nan,nan,nan,nan,nan,nan,nan,nan,nan,nan,nan,nan,nan,nan,nan,nan,nan,nan,nan,nan,nan,nan,nan,nan,-3.434076715927805168e-01,-3.415316907693888293e-01,-3.400528737029087090e-01,-3.341134703231785630e-01,nan,nan,nan,nan,nan,nan,nan,nan,nan,nan,-5.000751319518061400e-07
nan,nan,nan,nan,nan,nan,nan,nan,nan,nan,nan,nan,nan,3.727058091416180496e-01,nan,nan,nan,nan,nan,nan,nan,nan,nan,nan,5.472600873570693247e-01,5.370741311384191752e-01,5.187911743570109424e-01,nan,nan,nan,nan,nan,nan,nan,nan,nan,nan,nan,nan,nan,nan,nan,nan,nan,nan,nan,nan,nan,nan,nan,nan,-4.561240979749332514e-01,-4.620834371953815856e-01,-4.640486009252859367e-01,-4.630285155398911057e-01,nan,nan,nan,nan,nan,nan,nan,nan,nan,nan,nan,nan,nan,nan,nan,nan,nan,nan,nan,nan,nan,nan,nan,nan,nan,nan,nan,nan,nan,nan,-3.172925670912964402e-01,-3.201533964501274143e-01,-3.226608177902504093e-01,nan,nan,nan,nan,nan,nan,nan,nan,nan,nan,nan,nan
nan,nan,nan,nan,nan,nan,nan,nan,nan,nan,nan,nan,nan,3.643242081713850555e-01,nan,nan,nan,nan,nan,nan,nan,nan,nan,nan,5.144309709383075857e-01,4.988549616883161120e-01,4.742560744243737303e-01,4.495864205805666924e-01,nan,nan,nan,nan,nan,nan,nan,nan,nan,nan,nan,nan,nan,nan,nan,nan,nan,nan,nan,nan,nan,nan,nan,-4.341675329917789594e-01,-4.410740508529559234e-01,-4.447629779063185240e-01,-4.433261146340914949e-01,nan,nan,nan,nan,nan,nan,nan,nan,nan,nan,nan,nan,nan,nan,nan,nan,nan,nan,nan,nan,nan,nan,nan,nan,nan,nan,nan,nan,nan,nan,-2.879539553408888009e-01,-2.930159296796880364e-01,-2.996604574692419143e-01,nan,nan,nan,nan,nan,nan,nan,nan,nan,nan,nan,nan
nan,nan,nan,nan,nan,nan,nan,nan,nan,nan,nan,nan,nan,3.554292424081650914e-01,3.463125840020380153e-01,nan,nan,nan,nan,nan,nan,nan,nan,nan,nan,4.568769751989953942e-01,4.305764378908573664e-01,3.937443149734841663e-01,3.659930571562381996e-01,nan,nan,nan,nan,nan,nan,nan,nan,nan,nan,nan,nan,nan,nan,nan,nan,nan,nan,nan,nan,nan,-3.943484156025081067e-01,-4.048440626652383689e-01,-4.133340184277458640e-01,-4.205700650964339093e-01,nan,nan,nan,nan,nan,nan,nan,nan,nan,nan,nan,nan,nan,nan,nan,nan,nan,nan,nan,nan,nan,nan,nan,nan,nan,nan,nan,nan,nan,nan,-2.571295125625049360e-01,-2.619176237536162688e-01,-2.677099861432543637e-01,-2.741530917435631709e-01,nan,nan,nan,nan,nan,nan,nan,nan,nan,nan,nan,nan
nan,nan,nan,nan,nan,nan,nan,nan,nan,nan,nan,nan,nan,3.441250606506778276e-01,3.356741231419361204e-01,nan,nan,nan,nan,nan,nan,nan,nan,nan,nan,nan,3.827282802146267926e-01,3.573593924036688740e-01,3.156650183405905752e-01,2.878236703885218573e-01,nan,nan,nan,nan,nan,nan,nan,nan,nan,nan,nan,nan,nan,nan,nan,nan,nan,nan,nan,nan,-3.541263923216014242e-01,-3.706964529973425515e-01,-3.829378487028378131e-01,-3.894370437527074902e-01,nan,nan,nan,nan,nan,nan,nan,nan,nan,nan,nan,nan,nan,nan,nan,nan,nan,nan,nan,nan,nan,nan,nan,nan,nan,nan,nan,nan,nan,nan,-2.340059180474886869e-01,-2.409137175344389648e-01,-2.479615102285244455e-01,nan,nan,nan,nan,nan,nan,nan,nan,nan,nan,nan,nan,nan
nan,nan,nan,nan,nan,nan,nan,nan,nan,nan,nan,nan,nan,3.306048030946658334e-01,3.241438328837880078e-01,nan,nan,nan,nan,nan,nan,nan,nan,nan,nan,nan,nan,3.066504381303015170e-01,2.866541739859021498e-01,2.622464215370523544e-01,2.291880145346352204e-01,2.102226346496798570e-01,1.934447504874382828e-01,nan,nan,nan,nan,nan,nan,nan,nan,nan,nan,nan,nan,nan,nan,nan,nan,-2.937843790213992556e-01,-3.125873513345171495e-01,-3.330490157179116228e-01,-3.484914587304448474e-01,nan,nan,nan,nan,nan,nan,nan,nan,nan,nan,nan,nan,nan,nan,nan,nan,nan,nan,nan,nan,nan,nan,nan,nan,nan,nan,nan,nan,nan,nan,nan,-2.213008130277279439e-01,-2.260818405148899701e-01,-2.315161461334912241e-01,nan,nan,nan,nan,nan,nan,nan,nan,nan,nan,nan,nan,nan
nan,nan,nan,nan,nan,nan,nan,nan,nan,nan,nan,nan,nan,3.185353420135672020e-01,3.119570963827841270e-01,3.015104011661480787e-01,nan,nan,nan,nan,nan,nan,nan,nan,nan,nan,nan,nan,nan,2.294291263880552378e-01,2.140977327902862659e-01,2.003212080856220934e-01,1.840016049090066053e-01,1.702773600695201284e-01,1.588256849333416210e-01,1.460968988874754571e-01,1.294471354807580910e-01,1.094094992207560457e-01,nan,nan,nan,nan,nan,nan,nan,nan,-1.836624481229548189e-01,-2.065780440145851549e-01,-2.273280960657366734e-01,-2.500503457162581156e-01,-2.789904512836934858e-01,-2.968523572102692576e-01,-3.088129564257078852e-01,nan,nan,nan,nan,nan,nan,nan,nan,nan,nan,nan,nan,nan,nan,nan,nan,nan,nan,nan,nan,nan,nan,nan,nan,nan,nan,nan,nan,nan,nan,-2.101834329182649952e-01,-2.139948730505230046e-01,-2.180228855683086220e-01,nan,nan,nan,nan,nan,nan,nan,nan,nan,nan,nan,nan,nan,nan
nan,nan,nan,nan,nan,nan,nan,nan,nan,nan,nan,nan,nan,3.055098577832571216e-01,2.975051583823756229e-01,2.912296636670949068e-01,nan,nan,nan,nan,nan,nan,nan,nan,nan,nan,nan,nan,nan,nan,nan,nan,1.788449437151053978e-01,1.683817993493245402e-01,1.580467467075850618e-01,1.465625983730174942e-01,1.324178608737115181e-01,1.149975501173834957e-01,9.373887598071818650e-02,6.875834960757963576e-02,4.053268622110374475e-02,9.910050044736776892e-03,-2.198074423023318319e-02,-5.388209633965661965e-02,-8.471802487827471972e-02,-1.140640752362523241e-01,-1.426099980057500272e-01,-1.722907856106462854e-01,-2.026635052273039750e-01,-2.243929857501543723e-01,-2.397677901668708034e-01,nan,nan,nan,nan,nan,nan,nan,nan,nan,nan,nan,nan,nan,nan,nan,nan,nan,nan,nan,nan,nan,nan,nan,nan,nan,nan,nan,nan,nan,nan,nan,-2.024535747053152479e-01,-2.065354144907986245e-01,-2.095299931090183199e-01,nan,nan,nan,nan,nan,nan,nan,nan,nan,nan,nan,nan,nan,nan,nan
nan,nan,nan,nan,nan,nan,nan,nan,nan,nan,nan,nan,nan,nan,2.878096676854726144e-01,2.842677007320214000e-01,2.816575459639801826e-01,nan,nan,nan,nan,nan,nan,nan,nan,nan,nan,nan,nan,nan,nan,nan,nan,nan,nan,nan,nan,1.186406514584550792e-01,9.600472551261690635e-02,7.067210595624341674e-02,4.302009195711576500e-02,1.332413527263559723e-02,-1.723083778268329896e-02,-4.752335162260544477e-02,-7.645265281768484633e-02,-1.030724611559996895e-01,-1.266425103530097740e-01,-1.471048210285498259e-01,-1.655069690095009594e-01,nan,nan,nan,nan,nan,nan,nan,nan,nan,nan,nan,nan,nan,nan,nan,nan,nan,nan,nan,nan,nan,nan,nan,nan,nan,nan,nan,nan,nan,nan,nan,nan,nan,-1.986518436092077622e-01,-2.025341653930197994e-01,-2.078571278795005028e-01,nan,nan,nan,nan,nan,nan,nan,nan,nan,nan,nan,nan,nan,nan,nan
nan,nan,nan,nan,nan,nan,nan,nan,nan,nan,nan,nan,nan,nan,2.801032567936762585e-01,2.802386858773280309e-01,2.806524867291845804e-01,2.820370797310742805e-01,nan,nan,nan,nan,nan,nan,nan,nan,nan,nan,nan,nan,nan,nan,nan,nan,nan,nan,nan,nan,nan,nan,nan,nan,nan,nan,nan,nan,nan,nan,nan,nan,nan,nan,nan,nan,nan,nan,nan,nan,nan,nan,nan,nan,nan,nan,nan,nan,nan,nan,nan,nan,nan,nan,nan,nan,nan,nan,nan,nan,nan,nan,nan,-1.873835780772236947e-01,-1.930906691476664827e-01,-1.998545772146390620e-01,nan,nan,nan,nan,nan,nan,nan,nan,nan,nan,nan,nan,nan,nan,nan,nan
nan,nan,nan,nan,nan,nan,nan,nan,nan,nan,nan,nan,nan,nan,nan,2.796250784160300151e-01,2.834350909179946254e-01,2.876583087060780586e-01,2.909075693688658593e-01,nan,nan,nan,nan,nan,nan,nan,nan,nan,nan,nan,nan,nan,nan,nan,nan,nan,nan,nan,nan,nan,nan,nan,nan,nan,nan,nan,nan,nan,nan,nan,nan,nan,nan,nan,nan,nan,nan,nan,nan,nan,nan,nan,nan,nan,nan,nan,nan,nan,nan,nan,nan,nan,nan,nan,nan,nan,nan,nan,nan,nan,-1.721627816071356898e-01,-1.794823155457063446e-01,-1.881292535992749593e-01,nan,nan,nan,nan,nan,nan,nan,nan,nan,nan,nan,nan,nan,nan,nan,nan,nan
nan,nan,nan,nan,nan,nan,nan,nan,nan,nan,nan,nan,nan,nan,nan,nan,2.891608226810329918e-01,2.954393848855682014e-01,3.018338367639807895e-01,3.052621844441396615e-01,3.038956411151400028e-01,nan,nan,nan,nan,nan,nan,nan,nan,nan,nan,nan,nan,nan,nan,nan,nan,nan,nan,nan,nan,nan,nan,nan,nan,nan,nan,nan,nan,nan,nan,nan,nan,nan,nan,nan,nan,nan,nan,nan,nan,nan,nan,nan,nan,nan,nan,nan,nan,nan,nan,nan,nan,nan,nan,nan,nan,nan,nan,-1.549515786301368103e-01,-1.640606418416367951e-01,-1.724801359083281693e-01,nan,nan,nan,nan,nan,nan,nan,nan,nan,nan,nan,nan,nan,nan,nan,nan,nan,nan
nan,nan,nan,nan,nan,nan,nan,nan,nan,nan,nan,nan,nan,nan,nan,nan,2.975509766258888078e-01,3.056388227539543201e-01,3.125966461383516970e-01,3.190807953238684047e-01,3.214226851890519820e-01,3.175494197529559193e-01,nan,nan,nan,nan,nan,nan,nan,nan,nan,nan,nan,nan,nan,nan,nan,nan,nan,nan,nan,nan,nan,nan,nan,nan,nan,nan,nan,nan,nan,nan,nan,nan,nan,nan,nan,nan,nan,nan,nan,nan,nan,nan,nan,nan,nan,nan,nan,nan,nan,nan,nan,nan,nan,nan,nan,nan,nan,-1.483967865653419704e-01,-1.550407663333157604e-01,nan,nan,nan,nan,nan,nan,nan,nan,nan,nan,nan,nan,nan,nan,nan,nan,nan,nan,nan
nan,nan,nan,nan,nan,nan,nan,nan,nan,nan,nan,nan,nan,nan,nan,nan,nan,3.173021648955845486e-01,3.246505484965105381e-01,3.306121993481705434e-01,3.355338945045133747e-01,3.359552524844444665e-01,3.287651962341032741e-01,nan,nan,nan,nan,nan,nan,nan,nan,nan,nan,nan,nan,nan,nan,nan,nan,nan,nan,nan,nan,nan,nan,nan,nan,nan,nan,nan,nan,nan,nan,nan,nan,nan,nan,nan,nan,nan,nan,nan,nan,nan,nan,nan,nan,nan,nan,nan,nan,nan,nan,nan,nan,nan,nan,nan,-1.351721209675150470e-01,-1.397261524870876404e-01,-1.492458090721335007e-01,nan,nan,nan,nan,nan,nan,nan,nan,nan,nan,nan,nan,nan,nan,nan,nan,nan,nan,nan
nan,nan,nan,nan,nan,nan,nan,nan,nan,nan,nan,nan,nan,nan,nan,nan,nan,nan,3.361325603885750857e-01,3.419240499674117695e-01,3.458038117311559301e-01,3.482655337293918962e-01,3.465124652447998388e-01,3.387345298319583975e-01,nan,nan,nan,nan,nan,nan,nan,nan,nan,nan,nan,nan,nan,nan,nan,nan,nan,nan,nan,nan,nan,nan,nan,nan,nan,nan,nan,nan,nan,nan,nan,nan,nan,nan,nan,nan,nan,nan,nan,nan,nan,nan,nan,nan,nan,nan,nan,nan,nan,nan,nan,nan,nan,-1.299566806280138542e-01,-1.316260062550853871e-01,-1.351453534979371318e-01,nan,nan,nan,nan,nan,nan,nan,nan,nan,nan,nan,nan,nan,nan,nan,nan,nan,nan,nan,nan
nan,nan,nan,nan,nan,nan,nan,nan,nan,nan,nan,nan,nan,nan,nan,nan,nan,nan,nan,3.508096008022519308e-01,3.543351210712663568e-01,3.556707055744680046e-01,3.554177348543407500e-01,3.516012480499184911e-01,3.438312827631235802e-01,nan,nan,nan,nan,nan,nan,nan,nan,nan,nan,nan,nan,nan,nan,nan,nan,nan,nan,nan,nan,nan,nan,nan,nan,nan,nan,nan,nan,nan,nan,nan,nan,nan,nan,nan,nan,nan,nan,nan,nan,nan,nan,nan,nan,nan,nan,nan,nan,nan,nan,nan,-1.368148971735618780e-01,-1.311336637530280680e-01,-1.295563688556702342e-01,nan,nan,nan,nan,nan,nan,nan,nan,nan,nan,nan,nan,nan,nan,nan,nan,nan,nan,nan,nan,nan
nan,nan,nan,nan,nan,nan,nan,nan,nan,nan,nan,nan,nan,nan,nan,nan,nan,nan,nan,nan,3.589194716272003371e-01,3.599437915933906829e-01,3.585997209829692167e-01,3.555923908478001438e-01,3.497386707099888192e-01,3.413789266010643364e-01,nan,nan,nan,nan,nan,nan,nan,nan,nan,nan,nan,nan,nan,nan,nan,nan,nan,nan,nan,nan,nan,nan,nan,nan,nan,nan,nan,nan,nan,nan,nan,nan,nan,nan,nan,nan,nan,nan,nan,nan,nan,nan,nan,nan,nan,nan,nan,nan,nan,-1.588809322851430783e-01,-1.449383074421284612e-01,-1.352095159638738997e-01,-1.279162778641631526e-01,nan,nan,nan,nan,nan,nan,nan,nan,nan,nan,nan,nan,nan,nan,nan,nan,nan,nan,nan,nan,nan
nan,nan,nan,nan,nan,nan,nan,nan,nan,nan,nan,nan,nan,nan,nan,nan,nan,nan,nan,nan,nan,3.589102469705838239e-01,3.572828782854601815e-01,3.530737508154495607e-01,3.471208125637551545e-01,3.389982813627894220e-01,3.289199094534398515e-01,nan,nan,nan,nan,nan,nan,nan,nan,nan,nan,nan,nan,nan,nan,nan,nan,nan,nan,nan,nan,nan,nan,nan,nan,nan,nan,nan,nan,nan,nan,nan,nan,nan,nan,nan,nan,nan,nan,nan,nan,nan,nan,nan,nan,nan,nan,-2.233446803290091709e-01,-2.005661600972782621e-01,-1.718230948877462749e-01,-1.555233317036549268e-01,nan,nan,nan,nan,nan,nan,nan,nan,nan,nan,nan,nan,nan,nan,nan,nan,nan,nan,nan,nan,nan,nan,nan
nan,nan,nan,nan,nan,nan,nan,nan,nan,nan,nan,nan,nan,nan,nan,nan,nan,nan,nan,nan,nan,3.505296694710712258e-01,3.496336341546858462e-01,3.448749921068463009e-01,3.374293875562684453e-01,3.281301239996550212e-01,3.173563284096982962e-01,3.055976211334875958e-01,nan,nan,nan,nan,nan,nan,nan,nan,nan,nan,nan,nan,nan,nan,nan,nan,nan,nan,nan,nan,nan,nan,nan,nan,nan,nan,nan,nan,nan,nan,nan,nan,nan,nan,nan,nan,nan,nan,nan,nan,nan,nan,nan,-3.067799915553968138e-01,-2.777057178340706090e-01,-2.438434459291994039e-01,-2.189027970370264198e-01,-1.863095811476103425e-01,nan,nan,nan,nan,nan,nan,nan,nan,nan,nan,nan,nan,nan,nan,nan,nan,nan,nan,nan,nan,nan,nan,nan,nan
nan,nan,nan,nan,nan,nan,nan,nan,nan,nan,nan,nan,nan,nan,nan,nan,nan,nan,nan,nan,nan,nan,nan,3.299629175225984867e-01,3.219095709945007933e-01,3.108331174345093095e-01,2.979389638722931277e-01,2.846460041148295428e-01,2.712207118084629109e-01,2.574377268331830004e-01,2.466010538717105238e-01,nan,nan,nan,nan,nan,nan,nan,nan,nan,nan,nan,nan,nan,nan,nan,nan,nan,nan,nan,nan,nan,nan,nan,nan,nan,nan,nan,nan,nan,nan,nan,nan,nan,nan,nan,nan,nan,nan,nan,-3.508128246378227622e-01,-3.293360158864829246e-01,-2.989368623202547370e-01,-2.649782386409812451e-01,nan,nan,nan,nan,nan,nan,nan,nan,nan,nan,nan,nan,nan,nan,nan,nan,nan,nan,nan,nan,nan,nan,nan,nan,nan,nan
nan,nan,nan,nan,nan,nan,nan,nan,nan,nan,nan,nan,nan,nan,nan,nan,nan,nan,nan,nan,nan,nan,nan,3.073153191294008546e-01,3.001589354122640163e-01,2.896710164674773380e-01,2.755979556250682250e-01,2.596494316934949698e-01,2.447581110045931041e-01,2.312102164621157308e-01,2.190149796044072172e-01,2.080534614554337414e-01,1.996231143110706596e-01,nan,nan,nan,nan,nan,nan,nan,nan,nan,nan,nan,nan,nan,nan,nan,nan,nan,nan,nan,nan,nan,nan,nan,nan,nan,nan,nan,nan,nan,nan,nan,nan,nan,nan,nan,nan,-3.819624807878001516e-01,-3.660582859628809804e-01,-3.478181251263010587e-01,-3.149631010420896882e-01,nan,nan,nan,nan,nan,nan,nan,nan,nan,nan,nan,nan,nan,nan,nan,nan,nan,nan,nan,nan,nan,nan,nan,nan,nan,nan,nan
nan,nan,nan,nan,nan,nan,nan,nan,nan,nan,nan,nan,nan,nan,nan,nan,nan,nan,nan,nan,nan,nan,nan,nan,2.639880251825704183e-01,2.627705874432715305e-01,2.518601012047321785e-01,2.384092447942084136e-01,2.226099799047547567e-01,2.080016699818522108e-01,1.966853316107551874e-01,1.884433227368672026e-01,1.829623681049726835e-01,1.800524125484807003e-01,1.795308786220321806e-01,1.810314711931199083e-01,1.842261721485176362e-01,1.888357234944310625e-01,nan,nan,nan,nan,nan,nan,nan,nan,nan,nan,nan,nan,nan,nan,nan,nan,nan,nan,nan,nan,nan,nan,nan,nan,nan,nan,nan,nan,nan,nan,-3.908309653512507253e-01,-3.886587451912686952e-01,-3.781965290144035929e-01,nan,nan,nan,nan,nan,nan,nan,nan,nan,nan,nan,nan,nan,nan,nan,nan,nan,nan,nan,nan,nan,nan,nan,nan,nan,nan,nan,nan,nan
nan,nan,nan,nan,nan,nan,nan,nan,nan,nan,nan,nan,nan,nan,nan,nan,nan,nan,nan,nan,nan,nan,nan,nan,nan,nan,2.232751709315018152e-01,2.134415631713070527e-01,2.038999829698870947e-01,1.945018405263740091e-01,1.860445852551501633e-01,1.802122228679945981e-01,1.784408005602914904e-01,1.807438165619501269e-01,1.862602415470343553e-01,1.940247925863646805e-01,2.030162991288443908e-01,2.122754017481891242e-01,2.207462730470231838e-01,2.269644980149339852e-01,2.299988787680205260e-01,2.321135225329931662e-01,2.291425135267760593e-01,nan,nan,nan,nan,nan,nan,nan,nan,nan,nan,nan,nan,nan,nan,nan,nan,nan,nan,nan,nan,nan,nan,nan,nan,-3.759008093257417138e-01,-3.859875098181783093e-01,-3.898623807050888290e-01,nan,nan,nan,nan,nan,nan,nan,nan,nan,nan,nan,nan,nan,nan,nan,nan,nan,nan,nan,nan,nan,nan,nan,nan,nan,nan,nan,nan,nan,nan
nan,nan,nan,nan,nan,nan,nan,nan,nan,nan,nan,nan,nan,nan,nan,nan,nan,nan,nan,nan,nan,nan,nan,nan,nan,nan,nan,nan,1.820502680845197396e-01,1.792847470489400963e-01,1.771153095542153388e-01,1.772138943863661720e-01,1.800408472678924898e-01,1.860280424892492568e-01,1.955289718538638921e-01,2.087157668748804706e-01,2.250272745184027645e-01,2.423590198890284153e-01,2.576127704589336598e-01,2.685284777310880666e-01,2.739441609220688023e-01,2.731567511632937428e-01,2.660063889120114489e-01,2.525938007441552169e-01,2.331522912937564751e-01,nan,nan,nan,nan,nan,nan,nan,nan,nan,nan,nan,nan,nan,nan,nan,nan,nan,nan,nan,nan,nan,-3.397804543555534296e-01,-3.589023407954106126e-01,-3.793620863766065665e-01,-3.888362667950503448e-01,nan,nan,nan,nan,nan,nan,nan,nan,nan,nan,nan,nan,nan,nan,nan,nan,nan,nan,nan,nan,nan,nan,nan,nan,nan,nan,nan,nan,nan,nan
nan,nan,nan,nan,nan,nan,nan,nan,nan,nan,nan,nan,nan,nan,nan,nan,nan,nan,nan,nan,nan,nan,nan,nan,nan,nan,nan,nan,nan,nan,nan,nan,nan,2.057222410267786072e-01,2.214295186292893070e-01,2.370703647958387061e-01,2.529201771955493228e-01,2.685990195694534233e-01,2.834098025285820555e-01,2.969147422951268211e-01,3.078665650556899336e-01,3.120022718965346775e-01,3.056572588440801264e-01,2.890415417536513210e-01,2.641030324218622272e-01,2.324674517234389393e-01,1.963502717613795912e-01,1.632690354748999040e-01,nan,nan,nan,nan,nan,nan,nan,nan,nan,nan,nan,nan,nan,nan,nan,nan,nan,-2.861637891821660618e-01,-3.167370807696366364e-01,-3.452717896292626931e-01,-3.761930776748266259e-01,nan,nan,nan,nan,nan,nan,nan,nan,nan,nan,nan,nan,nan,nan,nan,nan,nan,nan,nan,nan,nan,nan,nan,nan,nan,nan,nan,nan,nan,nan,nan
nan,nan,nan,nan,nan,nan,nan,nan,nan,nan,nan,nan,nan,nan,nan,nan,nan,nan,nan,nan,nan,nan,nan,nan,nan,nan,nan,nan,nan,nan,nan,nan,nan,nan,nan,nan,nan,nan,3.363122865632916514e-01,3.436628220866023153e-01,3.451667593725494809e-01,3.409101478195065704e-01,3.312609587134600631e-01,3.149200625731079506e-01,2.886413072958531334e-01,2.525167764929326930e-01,2.094714320840337374e-01,1.634277728862523205e-01,1.174044370248482488e-01,7.900570085992560110e-02,4.574306125189494393e-02,2.260496511203656175e-02,1.006746944683262202e-02,nan,nan,nan,nan,nan,nan,nan,nan,nan,nan,nan,-2.197722321599265005e-01,-2.656588847577487367e-01,-2.953934868655697654e-01,-3.456203559145591409e-01,-3.715043451530396501e-01,nan,nan,nan,nan,nan,nan,nan,nan,nan,nan,nan,nan,nan,nan,nan,nan,nan,nan,nan,nan,nan,nan,nan,nan,nan,nan,nan,nan,nan,nan,nan
nan,nan,nan,nan,nan,nan,nan,nan,nan,nan,nan,nan,nan,nan,nan,nan,nan,nan,nan,nan,nan,nan,nan,nan,nan,nan,nan,nan,nan,nan,nan,nan,nan,nan,nan,nan,nan,nan,nan,nan,nan,3.872810452896744970e-01,3.657821532443238932e-01,3.377746108258183888e-01,3.042448487621549069e-01,2.649076982883547537e-01,2.189588951379271564e-01,1.679437978667545628e-01,1.159116436812636791e-01,6.773770557620396870e-02,2.839294717922955305e-02,1.497411444872541507e-03,-1.183173100529192993e-02,-1.313494462465803446e-02,-5.412948720296220130e-03,7.499277233627536961e-03,2.147379935725191730e-02,3.222565435794929461e-02,3.565717536851566172e-02,2.850699178307288320e-02,7.609221005444663163e-03,-2.998306895461359811e-02,-8.374275423536829688e-02,-1.444256909466410388e-01,-1.997272097525360224e-01,-2.398278741331924535e-01,-2.896197917098319308e-01,-3.458813617616049996e-01,nan,nan,nan,nan,nan,nan,nan,nan,nan,nan,nan,nan,nan,nan,nan,nan,nan,nan,nan,nan,nan,nan,nan,nan,nan,nan,nan,nan,nan,nan,nan,nan
nan,nan,nan,nan,nan,nan,nan,nan,nan,nan,nan,nan,nan,nan,nan,nan,nan,nan,nan,nan,nan,nan,nan,nan,nan,nan,nan,nan,nan,nan,nan,nan,nan,nan,nan,nan,nan,nan,nan,nan,nan,nan,nan,3.702556760212061260e-01,3.247601445860430758e-01,2.760522436678605751e-01,2.253322090563172064e-01,1.722096506304131025e-01,1.179960587378438286e-01,6.646419219479630935e-02,2.283595433506950198e-02,-8.544350914050849802e-03,-2.595546372811175992e-02,-3.020858437586422529e-02,-2.388717372859017543e-02,-1.077876021740609147e-02,4.507257664938040150e-03,1.718075155165516357e-02,2.285161548439280585e-02,1.803937050168960901e-02,4.430889367226433103e-04,-3.094559625677250486e-02,-7.538360865164993319e-02,-1.288203656645005024e-01,-1.797709156898244232e-01,-2.289608321693452075e-01,-2.857600890684187100e-01,-3.373042146454411361e-01,nan,nan,nan,nan,nan,nan,nan,nan,nan,nan,nan,nan,nan,nan,nan,nan,nan,nan,nan,nan,nan,nan,nan,nan,nan,nan,nan,nan,nan,nan,nan,nan
nan,nan,nan,nan,nan,nan,nan,nan,nan,nan,nan,nan,nan,nan,nan,nan,nan,nan,nan,nan,nan,nan,nan,nan,nan,nan,nan,nan,nan,nan,nan,nan,nan,nan,nan,nan,nan,nan,nan,nan,nan,nan,nan,nan,nan,2.952305361061988154e-01,2.356888163937026770e-01,1.789363429756913038e-01,1.239656759807201969e-01,7.209630618975898519e-02,2.700675490249104804e-02,-7.329492624548854425e-03,-2.849469041847111500e-02,-3.636486308041742693e-02,-3.278524040660118349e-02,-2.115957820528084274e-02,-5.998639634332181454e-03,7.723364536625334370e-03,1.522404071276562375e-02,1.265517976182224495e-02,-2.376370582357207207e-03,-3.047282648589306683e-02,-7.018810577760993541e-02,-1.172370403010674078e-01,-1.668001821122838679e-01,-2.195163598702548347e-01,-2.733153759613818901e-01,-3.201917253580651157e-01,nan,nan,nan,nan,nan,nan,nan,nan,nan,nan,nan,nan,nan,nan,nan,nan,nan,nan,nan,nan,nan,nan,nan,nan,nan,nan,nan,nan,nan,nan,nan,nan
nan,nan,nan,nan,nan,nan,nan,nan,nan,nan,nan,nan,nan,nan,nan,nan,nan,nan,nan,nan,nan,nan,nan,nan,nan,nan,nan,nan,nan,nan,nan,nan,nan,nan,nan,nan,nan,nan,nan,nan,nan,nan,nan,nan,nan,nan,2.647140757485610396e-01,1.948297455823057023e-01,1.379984855747892480e-01,8.695185727938921361e-02,4.179460658156701480e-02,5.788148616975689192e-03,-1.850105549991307163e-02,-3.010419253062605188e-02,-3.008769711844658246e-02,-2.128445162387811868e-02,-7.841936534478538556e-03,5.409892515159531699e-03,1.365652153137549007e-02,1.288815706682130968e-02,5.516958192541400550e-04,-2.406230043172503247e-02,-5.956437520538373359e-02,-1.027988784088643970e-01,-1.503360637516275022e-01,-2.001953756533507989e-01,-2.489139708628991532e-01,-2.909534817953486341e-01,nan,nan,nan,nan,nan,nan,nan,nan,nan,nan,nan,nan,nan,nan,nan,nan,nan,nan,nan,nan,nan,nan,nan,nan,nan,nan,nan,nan,nan,nan,nan,nan
nan,nan,nan,nan,nan,nan,nan,nan,nan,nan,nan,nan,nan,nan,nan,nan,nan,nan,nan,nan,nan,nan,nan,nan,nan,nan,nan,nan,nan,nan,nan,nan,nan,nan,nan,nan,nan,nan,nan,nan,nan,nan,nan,nan,nan,nan,nan,nan,1.649939140482190314e-01,1.136645798827383008e-01,7.088137298623183036e-02,3.539632404054583042e-02,9.765496323800925554e-03,-4.261527356891813174e-03,-7.285519453466159437e-03,-1.608077996284879973e-03,9.174545786303859793e-03,2.049695010681762061e-02,2.780327500450716083e-02,2.743603432157293992e-02,1.648698950184671400e-02,-5.754070331676188269e-03,-3.827700598505091867e-02,-7.849116058600676127e-02,-1.232613077701904536e-01,-1.700395613278262441e-01,-2.153823721402995939e-01,-2.523538555006009654e-01,nan,nan,nan,nan,nan,nan,nan,nan,nan,nan,nan,nan,nan,nan,nan,nan,nan,nan,nan,nan,nan,nan,nan,nan,nan,nan,nan,nan,nan,nan,nan,nan
nan,nan,nan,nan,nan,nan,nan,nan,nan,nan,nan,nan,nan,nan,nan,nan,nan,nan,nan,nan,nan,nan,nan,nan,nan,nan,nan,nan,nan,nan,nan,nan,nan,nan,nan,nan,nan,nan,nan,nan,nan,nan,nan,nan,nan,nan,nan,nan,nan,1.591837416908886693e-01,1.110754161169876103e-01,7.860678212709658330e-02,5.309925988649993184e-02,3.833367905435793727e-02,3.348243792346484310e-02,3.588292899156281940e-02,4.415902932029560496e-02,5.239361150003946088e-02,5.780750538078174849e-02,5.626258359772258466e-02,4.507949818581216683e-02,2.390397076286444530e-02,-7.245519987568831144e-03,-4.530185488661814253e-02,-8.774187931400824481e-02,-1.313838007237710659e-01,-1.753806656226729599e-01,-2.067932511765125103e-01,nan,nan,nan,nan,nan,nan,nan,nan,nan,nan,nan,nan,nan,nan,nan,nan,nan,nan,nan,nan,nan,nan,nan,nan,nan,nan,nan,nan,nan,nan,nan,nan
nan,nan,nan,nan,nan,nan,nan,nan,nan,nan,nan,nan,nan,nan,nan,nan,nan,nan,nan,nan,nan,nan,nan,nan,nan,nan,nan,nan,nan,nan,nan,nan,nan,nan,nan,nan,nan,nan,nan,nan,nan,nan,nan,nan,nan,nan,nan,nan,nan,nan,1.460565205028188651e-01,1.196325185224880183e-01,9.858387181150315981e-02,9.207770158360818746e-02,8.312125574978862508e-02,8.167514875592574164e-02,8.730364655006013497e-02,9.109899731020333624e-02,9.520227470354436505e-02,9.004524357878287977e-02,7.864446200406256804e-02,5.638725928903042667e-02,2.661234171162609255e-02,-1.019690450303459631e-02,-5.051243665244795067e-02,-9.328327426737623163e-02,-1.340044240321454083e-01,-1.632811638618358596e-01,nan,nan,nan,nan,nan,nan,nan,nan,nan,nan,nan,nan,nan,nan,nan,nan,nan,nan,nan,nan,nan,nan,nan,nan,nan,nan,nan,nan,nan,nan,nan,nan
nan,nan,nan,nan,nan,nan,nan,nan,nan,nan,nan,nan,nan,nan,nan,nan,nan,nan,nan,nan,nan,nan,nan,nan,nan,nan,nan,nan,nan,nan,nan,nan,nan,nan,nan,nan,nan,nan,nan,nan,nan,nan,nan,nan,nan,nan,nan,nan,nan,nan,nan,1.483541687792363784e-01,1.445119912157408204e-01,1.423104976992826121e-01,1.170978297644919147e-01,1.212905335903342596e-01,1.249296077578542497e-01,1.284610904863035530e-01,1.281345233418807461e-01,1.186594666274850274e-01,1.058677545499431549e-01,8.390455979254944630e-02,5.508109117474995625e-02,1.854988716092696374e-02,-2.156863339773403693e-02,-6.332338168838592962e-02,-1.032701172033298337e-01,-1.378320782777832099e-01,nan,nan,nan,nan,nan,nan,nan,nan,nan,nan,nan,nan,nan,nan,nan,nan,nan,nan,nan,nan,nan,nan,nan,nan,nan,nan,nan,nan,nan,nan,nan,nan
nan,nan,nan,nan,nan,nan,nan,nan,nan,nan,nan,nan,nan,nan,nan,nan,nan,nan,nan,nan,nan,nan,nan,nan,nan,nan,nan,nan,nan,nan,nan,nan,nan,nan,nan,nan,nan,nan,nan,nan,nan,nan,nan,nan,nan,nan,nan,nan,nan,nan,nan,nan,nan,1.417976028827588608e-01,1.397707497088548356e-01,nan,1.429535255808191407e-01,1.437171362487798254e-01,1.405387446697027864e-01,1.330710403415509557e-01,1.179209038221387812e-01,9.394497657521190537e-02,6.545208189568516022e-02,2.898390645795755061e-02,-1.031909054151818918e-02,-5.177367071584158820e-02,-7.830082584652880984e-02,nan,nan,nan,nan,nan,nan,nan,nan,nan,nan,nan,nan,nan,nan,nan,nan,nan,nan,nan,nan,nan,nan,nan,nan,nan,nan,nan,nan,nan,nan,nan,nan,nan
nan,nan,nan,nan,nan,nan,nan,nan,nan,nan,nan,nan,nan,nan,nan,nan,nan,nan,nan,nan,nan,nan,nan,nan,nan,nan,nan,nan,nan,nan,nan,nan,nan,nan,nan,nan,nan,nan,nan,nan,nan,nan,-9.117297400380162302e-04,6.321123986956433082e-07,nan,nan,nan,nan,nan,nan,nan,nan,nan,nan,1.320062051133572278e-01,1.231702701883995860e-01,1.200715598732046696e-01,nan,1.346083472472031084e-01,1.196614421639891485e-01,1.051291807201718831e-01,7.989746233789010721e-02,5.118633091401746105e-02,1.744135766006750868e-02,-2.301641896436590340e-02,-4.552611504008946541e-02,nan,nan,nan,nan,nan,nan,nan,nan,nan,nan,nan,nan,nan,nan,nan,nan,nan,nan,nan,nan,nan,nan,nan,nan,nan,nan,nan,nan,nan,nan,nan,nan,nan,nan
nan,nan,nan,nan,nan,nan,nan,nan,nan,nan,nan,nan,nan,nan,nan,nan,nan,nan,nan,nan,nan,nan,nan,nan,nan,nan,nan,nan,nan,nan,nan,nan,nan,nan,nan,nan,nan,nan,nan,nan,nan,nan,nan,-1.855709926672376511e-02,nan,nan,nan,nan,nan,nan,nan,nan,nan,nan,nan,nan,1.027748217509990153e-01,7.986725902030952784e-02,5.871783900055611849e-02,nan,7.731755457891391348e-02,4.237200145763242443e-02,1.321342974398989276e-02,-1.350630750375247241e-02,-2.850619484392653835e-02,nan,nan,nan,nan,nan,nan,nan,nan,nan,nan,nan,nan,nan,nan,nan,nan,nan,nan,nan,nan,nan,nan,nan,nan,nan,nan,nan,nan,nan,nan,nan,nan,nan,nan,nan
nan,nan,nan,nan,nan,nan,nan,nan,nan,nan,nan,nan,nan,nan,nan,nan,nan,nan,nan,nan,nan,nan,nan,nan,nan,nan,nan,nan,nan,nan,nan,nan,nan,nan,nan,nan,nan,nan,nan,nan,nan,nan,nan,nan,nan,nan,nan,nan,nan,nan,nan,nan,nan,nan,nan,nan,nan,nan,4.062170465138947861e-02,1.952154371565671329e-02,-1.058340509231872444e-03,-1.297124774723459537e-02,-1.870923764510644058e-02,nan,nan,nan,nan,nan,nan,nan,nan,nan,nan,nan,nan,nan,nan,nan,nan,nan,nan,nan,nan,nan,nan,nan,nan,nan,nan,nan,nan,nan,nan,nan,nan,nan,nan,nan,nan,nan
nan,nan,nan,nan,nan,nan,nan,nan,nan,nan,nan,nan,nan,nan,nan,nan,nan,nan,nan,nan,nan,nan,nan,nan,nan,nan,nan,nan,nan,nan,nan,nan,nan,nan,nan,nan,nan,nan,nan,nan,nan,nan,nan,nan,nan,nan,nan,nan,nan,nan,nan,nan,nan,nan,nan,nan,nan,nan,nan,nan,nan,nan,nan,nan,nan,nan,nan,nan,nan,nan,nan,nan,nan,nan,nan,nan,nan,nan,nan,nan,nan,nan,nan,nan,nan,nan,nan,nan,nan,nan,nan,nan,nan,nan,nan,nan,nan,nan,nan,3.985754696209198138e-04
nan,nan,nan,nan,nan,nan,nan,nan,nan,nan,nan,nan,nan,nan,nan,nan,nan,nan,nan,nan,nan,nan,nan,nan,nan,nan,nan,nan,nan,nan,nan,nan,nan,nan,nan,nan,nan,nan,nan,nan,nan,nan,nan,nan,nan,nan,nan,nan,nan,nan,nan,nan,nan,nan,nan,nan,nan,nan,nan,nan,nan,nan,nan,nan,nan,nan,nan,nan,nan,nan,nan,nan,nan,nan,nan,nan,nan,nan,nan,nan,nan,nan,nan,nan,nan,nan,nan,nan,nan,nan,nan,nan,nan,nan,nan,nan,nan,nan,nan,2.257803898700045222e-04
nan,nan,nan,nan,nan,nan,nan,nan,nan,nan,nan,nan,nan,nan,nan,nan,nan,nan,nan,nan,nan,nan,nan,nan,nan,nan,nan,nan,nan,nan,nan,nan,nan,nan,nan,nan,nan,nan,nan,nan,nan,nan,nan,nan,nan,nan,nan,nan,nan,nan,nan,nan,nan,nan,nan,nan,nan,nan,nan,nan,nan,nan,nan,nan,nan,nan,nan,nan,nan,nan,nan,nan,nan,nan,nan,nan,nan,nan,nan,nan,nan,nan,nan,nan,nan,nan,nan,nan,nan,nan,nan,nan,nan,nan,nan,nan,nan,nan,8.567892193396330980e-05,8.941823837820965818e-05
nan,nan,nan,nan,nan,nan,nan,nan,nan,nan,nan,nan,nan,nan,nan,nan,nan,nan,nan,nan,nan,nan,nan,nan,nan,nan,nan,nan,nan,nan,nan,nan,nan,nan,nan,nan,nan,nan,nan,nan,nan,nan,nan,nan,nan,nan,nan,nan,nan,nan,nan,nan,nan,nan,nan,nan,nan,nan,nan,nan,nan,nan,nan,nan,nan,nan,nan,nan,nan,nan,nan,nan,nan,nan,nan,nan,nan,nan,nan,nan,nan,nan,nan,nan,nan,nan,nan,nan,nan,nan,nan,nan,nan,nan,nan,nan,nan,nan,-8.427157484973925501e-05,-1.595477485214218290e-05
nan,nan,nan,nan,nan,nan,nan,nan,nan,nan,nan,nan,nan,nan,nan,nan,nan,nan,nan,nan,nan,nan,nan,nan,nan,nan,nan,nan,nan,nan,nan,nan,nan,nan,nan,nan,nan,nan,nan,nan,nan,nan,nan,nan,nan,nan,nan,nan,nan,nan,nan,nan,nan,nan,nan,nan,nan,nan,nan,nan,nan,nan,nan,nan,nan,nan,nan,nan,nan,nan,nan,nan,nan,nan,nan,nan,nan,nan,nan,nan,nan,nan,nan,nan,nan,nan,nan,nan,nan,nan,nan,nan,nan,nan,nan,nan,nan,nan,-1.976228590448863317e-04,-9.989478013219577112e-05
nan,nan,nan,nan,nan,nan,nan,nan,nan,nan,nan,nan,nan,nan,nan,nan,nan,nan,nan,nan,nan,nan,nan,nan,nan,nan,nan,nan,nan,nan,nan,nan,nan,nan,nan,nan,nan,nan,nan,nan,nan,nan,nan,nan,nan,nan,nan,nan,nan,nan,nan,nan,nan,nan,nan,nan,nan,nan,nan,nan,nan,nan,nan,nan,nan,nan,nan,nan,nan,nan,nan,nan,nan,nan,nan,nan,nan,nan,nan,nan,nan,nan,nan,nan,nan,nan,nan,nan,nan,nan,nan,nan,nan,nan,nan,nan,nan,nan,-2.818254190474431546e-04,-1.610144562599014561e-04
nan,nan,nan,nan,nan,nan,nan,nan,nan,nan,nan,nan,nan,nan,nan,nan,nan,nan,nan,nan,nan,nan,nan,nan,nan,nan,nan,nan,nan,nan,nan,nan,nan,nan,nan,nan,nan,nan,nan,nan,nan,nan,nan,nan,nan,nan,nan,nan,nan,nan,nan,nan,nan,nan,nan,nan,nan,nan,nan,nan,nan,nan,nan,nan,nan,nan,nan,nan,nan,nan,nan,nan,nan,nan,nan,nan,nan,nan,nan,nan,nan,nan,nan,nan,nan,nan,nan,nan,nan,nan,nan,nan,nan,nan,nan,nan,nan,nan,-3.048979697207825600e-04,-1.946321722882713530e-04
nan,nan,nan,nan,nan,nan,nan,nan,nan,nan,nan,nan,nan,nan,nan,nan,nan,nan,nan,nan,nan,nan,nan,nan,nan,nan,nan,nan,nan,nan,nan,nan,nan,nan,nan,nan,nan,nan,nan,nan,nan,nan,nan,nan,nan,nan,nan,nan,nan,nan,nan,nan,nan,nan,nan,nan,nan,nan,nan,nan,nan,nan,nan,nan,nan,nan,nan,nan,nan,nan,nan,nan,nan,nan,nan,nan,nan,nan,nan,nan,nan,nan,nan,nan,nan,nan,nan,nan,nan,nan,nan,nan,nan,nan,nan,nan,nan,nan,nan,-1.923891376474818769e-04
nan,nan,nan,nan,nan,nan,nan,nan,nan,nan,nan,nan,nan,nan,nan,nan,nan,nan,nan,nan,nan,nan,nan,nan,nan,nan,nan,nan,nan,nan,nan,nan,nan,nan,nan,nan,nan,nan,nan,nan,nan,nan,nan,nan,nan,nan,nan,nan,nan,nan,nan,nan,nan,nan,nan,nan,nan,nan,nan,nan,nan,nan,nan,nan,nan,nan,nan,nan,nan,nan,nan,nan,nan,nan,nan,nan,nan,nan,nan,nan,nan,nan,nan,nan,nan,nan,nan,nan,nan,nan,nan,nan,nan,nan,nan,nan,nan,nan,nan,nan
nan,nan,nan,nan,nan,nan,nan,nan,nan,nan,nan,nan,nan,nan,nan,nan,nan,nan,nan,nan,nan,nan,nan,nan,nan,nan,nan,nan,nan,nan,nan,nan,nan,nan,nan,nan,nan,nan,nan,nan,nan,nan,nan,nan,nan,nan,nan,nan,nan,nan,nan,nan,nan,nan,nan,nan,nan,nan,nan,nan,nan,nan,nan,nan,nan,nan,nan,nan,nan,nan,nan,nan,nan,nan,nan,nan,nan,nan,nan,nan,nan,nan,nan,nan,nan,nan,nan,nan,nan,nan,nan,nan,nan,nan,nan,nan,nan,nan,nan,nan
nan,nan,nan,nan,nan,nan,nan,nan,nan,nan,nan,nan,nan,nan,nan,nan,nan,nan,nan,nan,nan,nan,nan,nan,nan,nan,nan,nan,nan,nan,nan,nan,nan,nan,nan,nan,nan,nan,nan,nan,nan,nan,nan,nan,nan,nan,nan,nan,nan,nan,nan,nan,nan,nan,nan,nan,nan,nan,nan,nan,nan,nan,nan,nan,nan,nan,nan,nan,nan,nan,nan,nan,nan,nan,nan,nan,nan,nan,nan,nan,nan,nan,nan,nan,nan,nan,nan,nan,nan,nan,nan,nan,nan,nan,nan,nan,nan,nan,nan,nan
nan,nan,nan,nan,nan,nan,nan,nan,nan,nan,nan,nan,nan,nan,nan,nan,nan,nan,nan,nan,nan,nan,nan,nan,nan,nan,nan,nan,nan,nan,nan,nan,nan,nan,nan,nan,nan,nan,nan,nan,nan,nan,nan,nan,nan,nan,nan,nan,nan,nan,nan,nan,nan,nan,nan,nan,nan,nan,nan,nan,nan,nan,nan,nan,nan,nan,nan,nan,nan,nan,nan,nan,nan,nan,nan,nan,nan,nan,nan,nan,nan,nan,nan,nan,nan,nan,nan,nan,nan,nan,nan,nan,nan,nan,nan,nan,nan,nan,nan,nan
nan,nan,nan,nan,nan,nan,nan,nan,nan,nan,nan,nan,nan,nan,nan,nan,nan,nan,nan,nan,nan,nan,nan,nan,nan,nan,nan,nan,nan,nan,nan,nan,nan,nan,nan,nan,nan,nan,nan,nan,nan,nan,nan,nan,nan,nan,nan,nan,nan,nan,nan,nan,nan,nan,nan,nan,nan,nan,nan,nan,nan,nan,nan,nan,nan,nan,nan,nan,nan,nan,nan,nan,nan,nan,nan,nan,nan,nan,nan,nan,nan,nan,nan,nan,nan,nan,nan,nan,nan,nan,nan,nan,nan,nan,nan,nan,nan,nan,nan,nan
nan,nan,nan,nan,nan,nan,nan,nan,nan,nan,nan,nan,nan,nan,nan,nan,nan,nan,nan,nan,nan,nan,nan,nan,nan,nan,nan,nan,nan,nan,nan,nan,nan,nan,nan,nan,nan,nan,nan,nan,nan,nan,nan,nan,nan,nan,nan,nan,nan,nan,nan,nan,nan,nan,nan,nan,nan,nan,nan,nan,nan,nan,nan,nan,nan,nan,nan,nan,nan,nan,nan,nan,nan,nan,nan,nan,nan,nan,nan,nan,nan,nan,nan,nan,nan,nan,nan,nan,nan,nan,nan,nan,nan,nan,nan,nan,nan,nan,nan,nan
nan,nan,nan,nan,nan,nan,nan,nan,nan,nan,nan,nan,nan,nan,nan,nan,nan,nan,nan,nan,nan,nan,nan,nan,nan,nan,nan,nan,nan,nan,nan,nan,nan,nan,nan,nan,nan,nan,nan,nan,nan,nan,nan,nan,nan,nan,nan,nan,nan,nan,nan,nan,nan,nan,nan,nan,nan,nan,nan,nan,nan,nan,nan,nan,nan,nan,nan,nan,nan,nan,nan,nan,nan,nan,nan,nan,nan,nan,nan,nan,nan,nan,nan,nan,nan,nan,nan,nan,nan,nan,nan,nan,nan,nan,nan,nan,nan,nan,nan,nan
nan,nan,nan,nan,nan,nan,nan,nan,nan,nan,nan,nan,nan,nan,nan,nan,nan,nan,nan,nan,nan,nan,nan,nan,nan,nan,nan,nan,nan,nan,nan,nan,nan,nan,nan,nan,nan,nan,nan,nan,nan,nan,nan,nan,nan,nan,nan,nan,nan,nan,nan,nan,nan,nan,nan,nan,nan,nan,nan,nan,nan,nan,nan,nan,nan,nan,nan,nan,nan,nan,nan,nan,nan,nan,nan,nan,nan,nan,nan,nan,nan,nan,nan,nan,nan,nan,nan,nan,nan,nan,nan,nan,nan,nan,nan,nan,nan,nan,nan,nan
nan,nan,nan,nan,nan,nan,nan,nan,nan,nan,nan,nan,nan,nan,nan,nan,nan,nan,nan,nan,nan,nan,nan,nan,nan,nan,nan,nan,nan,nan,nan,nan,nan,nan,nan,nan,nan,nan,nan,nan,nan,nan,nan,nan,nan,nan,nan,nan,nan,nan,nan,nan,nan,nan,nan,nan,nan,nan,nan,nan,nan,nan,nan,nan,nan,nan,nan,nan,nan,nan,nan,nan,nan,nan,nan,nan,nan,nan,nan,nan,nan,nan,nan,nan,nan,nan,nan,nan,nan,nan,nan,nan,nan,nan,nan,nan,nan,nan,nan,nan
nan,nan,nan,nan,nan,nan,nan,nan,nan,nan,nan,nan,nan,nan,nan,nan,nan,nan,nan,nan,nan,nan,nan,nan,nan,nan,nan,nan,nan,nan,nan,nan,nan,nan,nan,nan,nan,nan,nan,nan,nan,nan,nan,nan,nan,nan,nan,nan,nan,nan,nan,nan,nan,nan,nan,nan,nan,nan,nan,nan,nan,nan,nan,nan,nan,nan,nan,nan,nan,nan,nan,nan,nan,nan,nan,nan,nan,nan,nan,nan,nan,nan,nan,nan,nan,nan,nan,nan,nan,nan,nan,nan,nan,nan,nan,nan,nan,nan,nan,nan
nan,nan,nan,nan,nan,nan,nan,nan,nan,nan,nan,nan,nan,nan,nan,nan,nan,nan,nan,nan,nan,nan,nan,nan,nan,nan,nan,nan,nan,nan,nan,nan,nan,nan,nan,nan,nan,nan,nan,nan,nan,nan,nan,nan,nan,nan,nan,nan,nan,nan,nan,nan,nan,nan,nan,nan,nan,nan,nan,nan,nan,nan,nan,nan,nan,nan,nan,nan,nan,nan,nan,nan,nan,nan,nan,nan,nan,nan,nan,nan,nan,nan,nan,nan,nan,nan,nan,nan,nan,nan,nan,nan,nan,nan,nan,nan,nan,nan,nan,nan
nan,nan,nan,nan,nan,nan,nan,nan,nan,nan,nan,nan,nan,nan,nan,nan,nan,nan,nan,nan,nan,nan,nan,nan,nan,nan,nan,nan,nan,nan,nan,nan,nan,nan,nan,nan,nan,nan,nan,nan,nan,nan,nan,nan,nan,nan,nan,nan,nan,nan,nan,nan,nan,nan,nan,nan,nan,nan,nan,nan,nan,nan,nan,nan,nan,nan,nan,nan,nan,nan,nan,nan,nan,nan,nan,nan,nan,nan,nan,nan,nan,nan,nan,nan,nan,nan,nan,nan,nan,nan,nan,nan,nan,nan,nan,nan,nan,nan,nan,nan
nan,nan,nan,nan,nan,nan,nan,nan,nan,nan,nan,nan,nan,nan,nan,nan,nan,nan,nan,nan,nan,nan,nan,nan,nan,nan,nan,nan,nan,nan,nan,nan,nan,nan,nan,nan,nan,nan,nan,nan,nan,nan,nan,nan,nan,nan,nan,nan,nan,nan,nan,nan,nan,nan,nan,nan,nan,nan,nan,nan,nan,nan,nan,nan,nan,nan,nan,nan,nan,nan,nan,nan,nan,nan,nan,nan,nan,nan,nan,nan,nan,nan,nan,nan,nan,nan,nan,nan,nan,nan,nan,nan,nan,nan,nan,nan,nan,nan,nan,nan
nan,nan,nan,nan,nan,nan,nan,nan,nan,nan,nan,nan,nan,nan,nan,nan,nan,nan,nan,nan,nan,nan,nan,nan,nan,nan,nan,nan,nan,nan,nan,nan,nan,nan,nan,nan,nan,nan,nan,nan,nan,nan,nan,nan,nan,nan,nan,nan,nan,nan,nan,nan,nan,nan,nan,nan,nan,nan,nan,nan,nan,nan,nan,nan,nan,nan,nan,nan,nan,nan,nan,nan,nan,nan,nan,nan,nan,nan,nan,nan,nan,nan,nan,nan,nan,nan,nan,nan,nan,nan,nan,nan,nan,nan,nan,nan,nan,nan,nan,nan
nan,nan,nan,nan,nan,nan,nan,nan,nan,nan,nan,nan,nan,nan,nan,nan,nan,nan,nan,nan,nan,nan,nan,nan,nan,nan,nan,nan,nan,nan,nan,nan,nan,nan,nan,nan,nan,nan,nan,nan,nan,nan,nan,nan,nan,nan,nan,nan,nan,nan,nan,nan,nan,nan,nan,nan,nan,nan,nan,nan,nan,nan,nan,nan,nan,nan,nan,nan,nan,nan,nan,nan,nan,nan,nan,nan,nan,nan,nan,nan,nan,nan,nan,nan,nan,nan,nan,nan,nan,nan,nan,nan,nan,nan,nan,nan,nan,nan,nan,nan
