inf,inf,inf,inf,inf,inf,inf,inf,inf,inf,inf,inf,inf,inf,inf,inf,inf,inf,inf,inf,inf,inf,inf,inf,inf,inf,inf,inf,inf,inf,inf,inf,inf,inf,inf,inf,inf,inf,inf,inf,inf,inf,inf,inf,inf,inf,inf,inf,inf,inf,inf,inf,inf,inf,inf,inf,inf,inf,inf,inf,inf,inf,inf,inf,inf,inf,inf,inf,inf,inf,inf,inf,inf,inf,inf,inf,inf,inf,inf,inf,inf,inf,inf,inf,inf,inf,inf,inf,inf,inf,1.688920412298794460e+01,1.148701383318569569e+01,9.257418626870475009e+00,8.033217067689529145e+00,7.020163937413576249e+00,6.404230871161605165e+00,6.153353131039989599e+00,6.134154359746078811e+00,6.214735981630869155e+00,6.398897340330821137e+00
inf,inf,inf,inf,inf,inf,inf,inf,inf,inf,inf,inf,inf,inf,inf,inf,inf,inf,inf,inf,inf,inf,inf,inf,inf,inf,inf,inf,inf,inf,inf,inf,inf,inf,inf,inf,inf,inf,inf,inf,inf,inf,inf,inf,inf,inf,inf,inf,inf,inf,inf,inf,inf,inf,inf,inf,inf,inf,inf,inf,inf,inf,inf,inf,inf,inf,inf,inf,inf,inf,inf,inf,inf,inf,inf,inf,inf,inf,inf,inf,inf,inf,inf,inf,inf,inf,inf,inf,inf,2.009465692752400656e+01,1.426669218296939157e+01,1.154132468949189594e+01,9.686784448051874108e+00,8.336962110333573150e+00,7.377350741437209258e+00,6.827221095825718677e+00,6.633884143405567535e+00,6.632518677969908794e+00,6.809805154421386675e+00,7.032817385348583805e+00
inf,inf,inf,inf,inf,inf,inf,inf,inf,inf,inf,inf,inf,inf,inf,inf,inf,inf,inf,inf,inf,inf,inf,inf,inf,inf,inf,inf,inf,inf,inf,inf,inf,inf,inf,inf,inf,inf,inf,inf,inf,inf,inf,inf,inf,inf,inf,inf,inf,inf,inf,inf,inf,inf,inf,inf,inf,inf,inf,inf,inf,inf,inf,inf,inf,inf,inf,inf,inf,inf,inf,inf,inf,inf,inf,inf,inf,inf,inf,inf,inf,inf,inf,inf,inf,inf,inf,inf,inf,inf,inf,1.379509512322164966e+01,1.144760574884955417e+01,9.456184715686353215e+00,8.282963565552011076e+00,7.826993852210292424e+00,7.697144698811816177e+00,7.790790824441175211e+00,8.017234274726870780e+00,8.365185628387903805e+00
inf,inf,inf,inf,inf,inf,inf,inf,inf,inf,inf,inf,inf,inf,inf,inf,inf,inf,inf,inf,inf,inf,inf,inf,inf,inf,inf,inf,inf,inf,inf,inf,inf,inf,inf,inf,inf,inf,inf,inf,inf,inf,inf,inf,inf,inf,inf,inf,inf,inf,inf,inf,inf,inf,inf,inf,inf,inf,inf,inf,inf,inf,inf,inf,inf,inf,inf,inf,inf,inf,inf,inf,inf,inf,inf,inf,inf,inf,inf,inf,inf,inf,inf,inf,inf,inf,inf,inf,inf,inf,inf,1.801521538584416859e+01,1.342812431325598510e+01,1.153210803438697063e+01,1.035016510647833599e+01,1.002685622273751598e+01,9.816220749773240328e+00,1.003274213839335971e+01,1.030515961240556422e+01,1.047141251834266029e+01
inf,inf,inf,inf,inf,inf,inf,inf,inf,inf,inf,inf,inf,inf,inf,inf,inf,inf,inf,inf,inf,inf,inf,inf,inf,inf,inf,inf,inf,inf,inf,inf,inf,inf,inf,inf,inf,inf,inf,inf,inf,inf,inf,inf,inf,inf,inf,inf,inf,inf,inf,inf,inf,inf,inf,inf,inf,inf,inf,inf,inf,inf,inf,inf,inf,inf,inf,inf,inf,inf,inf,inf,inf,inf,inf,inf,inf,inf,inf,inf,inf,inf,inf,inf,inf,inf,inf,inf,inf,inf,inf,inf,inf,1.899604463885589567e+01,1.545347630401288086e+01,1.409489357760132933e+01,1.336842352516525878e+01,1.371906440969599039e+01,1.318357385844919349e+01,1.361614728531543683e+01
inf,inf,inf,inf,inf,inf,inf,inf,inf,inf,inf,inf,inf,inf,inf,inf,inf,inf,inf,inf,inf,inf,inf,inf,inf,inf,inf,inf,inf,inf,inf,inf,inf,inf,inf,inf,inf,1.625162679358281181e+01,1.037790064027053205e+01,8.422991330392711973e+00,8.556495907952204050e+00,1.084237518775965192e+01,1.722297730263999327e+01,inf,inf,inf,inf,inf,inf,inf,inf,inf,inf,inf,inf,inf,inf,inf,inf,inf,inf,inf,inf,inf,inf,inf,inf,inf,inf,inf,inf,inf,inf,inf,inf,inf,inf,inf,inf,inf,inf,inf,inf,inf,inf,inf,inf,inf,inf,inf,inf,inf,inf,inf,inf,inf,inf,inf,inf,inf
inf,inf,inf,inf,inf,inf,inf,inf,inf,inf,inf,inf,inf,inf,inf,inf,inf,inf,inf,inf,inf,inf,inf,inf,inf,inf,inf,inf,inf,inf,inf,inf,inf,inf,inf,8.090726986255463160e+00,6.026136490479265362e+00,5.908347243160485540e+00,5.867490243193125288e+00,5.905748175265881805e+00,5.895753742918692808e+00,5.857752139572388828e+00,5.884939734216064089e+00,5.919737998173323135e+00,5.955642140974340748e+00,6.953330490848395051e+00,1.447546452116842453e+01,inf,inf,inf,inf,inf,inf,inf,inf,inf,inf,inf,inf,inf,inf,inf,inf,inf,inf,inf,inf,inf,inf,inf,inf,inf,inf,inf,inf,inf,inf,inf,inf,inf,inf,inf,inf,inf,inf,inf,inf,inf,inf,inf,inf,inf,inf,inf,inf,inf,inf,inf,inf,inf
inf,inf,inf,inf,inf,inf,inf,inf,inf,inf,inf,inf,inf,inf,inf,inf,inf,inf,inf,inf,inf,inf,inf,inf,inf,inf,inf,inf,inf,inf,inf,inf,inf,8.289193698078738848e+00,6.065996859387303708e+00,6.152989015115446492e+00,8.848439480808101720e+00,2.050012203563217028e+01,inf,inf,inf,inf,inf,2.119326921619211390e+01,1.058851751499409488e+01,6.421037560509931019e+00,5.956609350058107211e+00,5.934956845097687506e+00,5.894770302489879654e+00,6.391083649986289750e+00,1.464935737062732279e+01,inf,inf,inf,inf,inf,inf,inf,inf,inf,inf,inf,inf,inf,inf,inf,inf,inf,inf,inf,inf,inf,inf,inf,inf,inf,inf,inf,inf,inf,inf,inf,inf,inf,inf,inf,inf,inf,inf,inf,inf,inf,inf,inf,inf,inf,inf,inf,inf,inf
inf,inf,inf,inf,inf,inf,inf,inf,inf,inf,inf,inf,inf,inf,inf,inf,inf,inf,inf,inf,inf,inf,inf,inf,inf,inf,inf,inf,inf,inf,inf,1.924735906713680222e+01,6.463997523087453345e+00,6.128948922040026837e+00,9.748130207862818253e+00,inf,inf,inf,inf,inf,inf,inf,inf,inf,inf,inf,inf,inf,1.732206820528422497e+01,6.685584951339675897e+00,5.756753505022458306e+00,5.667393824004283154e+00,5.807299440235913046e+00,1.247117791380301810e+01,inf,inf,inf,inf,inf,inf,inf,inf,inf,inf,inf,inf,inf,inf,inf,inf,inf,inf,inf,inf,inf,inf,inf,inf,inf,inf,inf,inf,inf,inf,inf,inf,inf,inf,inf,inf,inf,inf,inf,inf,inf,inf,inf,inf,inf,inf
inf,inf,inf,inf,inf,inf,inf,inf,inf,inf,inf,inf,inf,inf,inf,inf,inf,inf,inf,inf,inf,inf,inf,inf,inf,inf,inf,inf,inf,inf,1.311055808195453487e+01,5.983878641083974159e+00,6.829294533885460261e+00,inf,inf,inf,inf,inf,inf,inf,inf,inf,inf,inf,inf,inf,inf,inf,inf,inf,inf,inf,7.180517290740433545e+00,5.528995388963787505e+00,5.793290511787568597e+00,1.488335093796559860e+01,inf,inf,inf,inf,inf,inf,inf,inf,inf,inf,inf,inf,inf,inf,inf,inf,inf,inf,inf,inf,inf,inf,inf,inf,inf,inf,inf,inf,inf,inf,inf,inf,inf,inf,inf,inf,inf,inf,inf,inf,inf,inf,inf,inf
inf,inf,inf,inf,inf,inf,inf,inf,inf,inf,inf,inf,inf,inf,inf,inf,inf,inf,inf,inf,inf,inf,inf,inf,inf,inf,inf,inf,inf,1.331322101522053813e+01,5.714213125339522747e+00,7.426417531016364038e+00,inf,inf,inf,inf,inf,inf,inf,inf,inf,inf,inf,inf,inf,inf,inf,inf,inf,inf,inf,inf,inf,inf,7.099113041840029226e+00,5.689487938985927862e+00,7.290464154655659001e+00,inf,inf,inf,inf,inf,inf,inf,inf,inf,inf,inf,inf,inf,inf,inf,inf,inf,inf,inf,inf,inf,inf,inf,inf,inf,inf,inf,inf,inf,inf,inf,inf,inf,inf,inf,inf,inf,inf,inf,inf,inf,inf,inf
inf,inf,inf,inf,inf,inf,inf,inf,inf,inf,inf,inf,inf,inf,inf,inf,inf,inf,inf,inf,inf,inf,inf,inf,inf,inf,inf,inf,1.782597338620564287e+01,5.537973761611445944e+00,7.211330230785804041e+00,inf,inf,inf,inf,inf,inf,inf,inf,inf,inf,inf,inf,inf,inf,inf,inf,inf,inf,inf,inf,inf,inf,inf,inf,1.532680115925881914e+01,6.188771987150650133e+00,6.583815463515151123e+00,inf,inf,inf,inf,inf,inf,inf,inf,inf,inf,inf,inf,inf,inf,inf,inf,inf,inf,inf,inf,inf,inf,inf,inf,inf,inf,inf,inf,inf,inf,inf,inf,inf,inf,inf,inf,inf,inf,inf,inf,inf,inf
inf,inf,inf,inf,inf,inf,inf,inf,inf,inf,inf,inf,inf,inf,inf,inf,inf,inf,inf,inf,inf,inf,inf,inf,inf,inf,inf,2.119326921619211390e+01,5.421490764859563605e+00,6.494136169901070232e+00,inf,inf,inf,inf,inf,inf,inf,inf,inf,inf,inf,inf,inf,inf,inf,inf,inf,inf,inf,inf,inf,inf,inf,inf,inf,inf,inf,7.103961537106222579e+00,6.303236896773219300e+00,8.802207740872031394e+00,inf,inf,inf,inf,inf,inf,inf,inf,inf,inf,inf,inf,inf,inf,inf,inf,inf,inf,inf,inf,inf,inf,inf,inf,inf,inf,inf,inf,inf,inf,inf,inf,inf,inf,inf,inf,inf,inf,inf,inf
inf,inf,inf,inf,inf,inf,inf,inf,inf,inf,inf,inf,inf,inf,inf,inf,inf,inf,inf,inf,inf,inf,inf,inf,inf,inf,1.179296986029276617e+01,5.287745196743065534e+00,6.252963161142439219e+00,inf,inf,inf,inf,inf,inf,inf,inf,inf,inf,inf,inf,inf,inf,inf,inf,inf,inf,inf,inf,inf,inf,inf,inf,inf,inf,inf,inf,inf,1.071339304370623857e+01,6.510687582741698343e+00,6.854485033306459307e+00,1.620283662941337965e+01,inf,inf,inf,inf,inf,inf,inf,inf,inf,inf,inf,inf,inf,inf,inf,inf,inf,inf,inf,inf,inf,inf,inf,inf,inf,inf,inf,inf,inf,inf,inf,inf,inf,inf,inf,inf,inf,inf
inf,inf,inf,inf,inf,inf,inf,inf,inf,inf,inf,inf,inf,inf,inf,inf,inf,inf,inf,inf,inf,inf,inf,inf,inf,6.898430512721928309e+00,5.397693213502100740e+00,7.251449407600338404e+00,inf,inf,inf,inf,inf,inf,inf,inf,inf,inf,inf,inf,inf,inf,inf,inf,inf,inf,inf,inf,inf,inf,inf,inf,inf,inf,inf,inf,inf,inf,inf,inf,7.678484093361120699e+00,6.526765775707972672e+00,7.415714971072200790e+00,inf,inf,inf,inf,inf,inf,inf,inf,inf,inf,inf,inf,inf,inf,inf,inf,inf,inf,inf,inf,inf,inf,inf,inf,inf,inf,inf,inf,inf,inf,inf,inf,inf,inf,inf,inf,inf
inf,inf,inf,inf,inf,inf,inf,inf,inf,inf,inf,inf,inf,inf,inf,inf,inf,inf,inf,inf,inf,inf,inf,1.899604463885589567e+01,6.278354349956745573e+00,6.013593092837299814e+00,1.635698730924063682e+01,inf,inf,inf,inf,inf,inf,inf,inf,inf,inf,inf,inf,inf,inf,inf,inf,inf,inf,inf,inf,inf,inf,inf,inf,inf,inf,inf,inf,inf,inf,inf,inf,inf,inf,1.911382767451227949e+01,7.054748052722765728e+00,6.495884645187942397e+00,8.263192886549823868e+00,inf,inf,inf,inf,inf,inf,inf,inf,inf,inf,inf,inf,inf,inf,inf,inf,inf,inf,inf,inf,inf,inf,inf,inf,inf,inf,inf,inf,inf,inf,inf,inf,inf,inf,inf
inf,inf,inf,inf,inf,inf,inf,inf,inf,inf,inf,inf,inf,inf,inf,inf,inf,inf,inf,inf,inf,inf,1.034119800658556976e+01,6.198199762833749737e+00,7.128457811397623800e+00,inf,inf,inf,inf,inf,inf,inf,inf,inf,inf,inf,inf,inf,inf,inf,inf,inf,inf,inf,inf,inf,inf,inf,inf,inf,inf,inf,inf,inf,inf,inf,inf,inf,inf,inf,inf,inf,inf,1.215990471468513512e+01,6.600434405193869480e+00,6.486468246281105188e+00,1.158946884323520088e+01,inf,inf,inf,inf,inf,inf,inf,inf,inf,inf,inf,inf,inf,inf,inf,inf,inf,inf,inf,inf,inf,inf,inf,inf,inf,inf,inf,inf,inf,inf,inf,inf,inf
inf,inf,inf,inf,inf,inf,inf,inf,inf,inf,inf,inf,inf,inf,inf,inf,inf,inf,inf,inf,inf,8.820250953419614959e+00,6.342041441899387344e+00,9.024758260755332273e+00,inf,inf,inf,inf,inf,inf,inf,inf,inf,inf,inf,inf,inf,inf,inf,inf,inf,inf,inf,inf,inf,inf,inf,inf,inf,inf,inf,inf,inf,inf,inf,inf,inf,inf,inf,inf,inf,inf,inf,inf,inf,8.276560712433299827e+00,6.213285285893674015e+00,6.761503861161013873e+00,inf,inf,inf,inf,inf,inf,inf,inf,inf,inf,inf,inf,inf,inf,inf,inf,inf,inf,inf,inf,inf,inf,inf,inf,inf,inf,inf,inf,inf,inf,inf,inf
inf,inf,inf,inf,inf,inf,inf,inf,inf,inf,inf,inf,inf,inf,inf,inf,inf,inf,inf,inf,9.076771230054736961e+00,6.556194076736399978e+00,1.124926371535309855e+01,inf,inf,inf,inf,inf,inf,inf,inf,inf,inf,inf,inf,inf,inf,inf,inf,inf,inf,inf,inf,inf,inf,inf,inf,inf,inf,inf,inf,inf,inf,inf,inf,inf,inf,inf,inf,inf,inf,inf,inf,inf,inf,inf,inf,6.745150009440185279e+00,5.894963916782442581e+00,7.761540555504863548e+00,inf,inf,inf,inf,inf,inf,inf,inf,inf,inf,inf,inf,inf,inf,inf,inf,inf,inf,inf,inf,inf,inf,inf,inf,inf,inf,inf,inf,inf,inf
inf,inf,inf,inf,inf,inf,inf,inf,inf,inf,inf,inf,inf,inf,inf,inf,inf,inf,inf,1.134033838727313892e+01,6.699452056315290172e+00,1.104210160949687491e+01,inf,inf,inf,inf,inf,inf,inf,inf,inf,inf,inf,inf,inf,inf,inf,inf,inf,inf,inf,inf,inf,inf,inf,inf,inf,inf,inf,inf,inf,inf,inf,inf,inf,inf,inf,inf,inf,inf,inf,inf,inf,inf,inf,inf,inf,inf,1.150750244480180662e+01,5.849343183245800049e+00,5.727839673380824337e+00,1.160107360174690250e+01,inf,inf,inf,inf,inf,inf,inf,inf,inf,inf,inf,inf,inf,inf,inf,inf,inf,inf,inf,inf,inf,inf,inf,inf,inf,inf,inf,inf
inf,inf,inf,inf,inf,inf,inf,inf,inf,inf,inf,inf,inf,inf,inf,inf,inf,inf,2.119326921619211390e+01,6.953176778884036402e+00,9.011366319969146943e+00,inf,inf,inf,inf,inf,inf,inf,inf,inf,inf,inf,inf,inf,inf,inf,inf,inf,inf,inf,inf,inf,inf,inf,inf,inf,inf,inf,inf,inf,inf,inf,inf,inf,inf,inf,inf,inf,inf,inf,inf,inf,inf,inf,inf,inf,inf,inf,inf,inf,7.266582287488980718e+00,5.374129617508988765e+00,5.327405614399999045e+00,8.367827801182318836e+00,inf,inf,inf,inf,inf,inf,inf,inf,inf,inf,inf,inf,inf,inf,inf,inf,inf,inf,inf,inf,inf,inf,inf,inf,inf,inf
inf,inf,inf,inf,inf,inf,inf,inf,inf,inf,inf,inf,inf,inf,inf,inf,inf,inf,7.642951519405758454e+00,7.638114840243141579e+00,inf,inf,inf,inf,inf,inf,inf,inf,inf,inf,inf,1.824883023702567542e+01,1.130317090077500275e+01,8.335139649768795067e+00,7.256734657953431977e+00,7.011068336046617944e+00,7.102691571169893692e+00,7.457724368865725317e+00,8.316509746032179962e+00,1.020041195635480946e+01,1.378534489363251581e+01,1.980697485507222311e+01,inf,inf,inf,inf,inf,inf,inf,inf,inf,inf,inf,inf,inf,inf,inf,inf,inf,inf,inf,inf,inf,inf,inf,inf,inf,inf,inf,inf,inf,inf,7.769607884602820924e+00,5.206985979006536702e+00,5.159491481937405588e+00,5.293638204747768583e+00,7.167883544599690460e+00,1.842068049395233587e+01,inf,inf,inf,inf,inf,inf,inf,inf,inf,inf,inf,inf,inf,inf,inf,inf,inf,inf,inf,inf,inf,inf
inf,inf,inf,inf,inf,inf,inf,inf,inf,inf,inf,inf,inf,inf,inf,inf,inf,1.221852460346938152e+01,7.034831584676613403e+00,2.009465692752400656e+01,inf,inf,inf,inf,inf,inf,inf,inf,inf,inf,1.098941784554826384e+01,6.577694823422016057e+00,6.142640446905942575e+00,6.408092481147411590e+00,6.976122872625375670e+00,7.536504713973117831e+00,7.692521459216959734e+00,7.440991365644705091e+00,7.083475421481665535e+00,6.918020034340103486e+00,6.919756762523703308e+00,6.962699058147212128e+00,7.674492238928212196e+00,1.123932622016749505e+01,1.958383130375801429e+01,inf,inf,inf,inf,inf,inf,inf,inf,inf,inf,inf,inf,inf,inf,inf,inf,inf,inf,inf,inf,inf,inf,inf,inf,inf,inf,inf,inf,inf,inf,8.265206863742260879e+00,5.596047167953708268e+00,5.624853675888759952e+00,7.448151080057211715e+00,inf,inf,inf,inf,inf,inf,inf,inf,inf,inf,inf,inf,inf,inf,inf,inf,inf,inf,inf,inf,inf
inf,inf,inf,inf,inf,inf,inf,inf,inf,inf,inf,inf,inf,inf,inf,inf,inf,7.360918257132004427e+00,8.498996996299723605e+00,inf,inf,inf,inf,inf,inf,inf,inf,inf,inf,1.054641676693542429e+01,6.201457815347651170e+00,6.858099762930761401e+00,1.207988037029238271e+01,inf,inf,inf,inf,inf,inf,inf,1.772753331339238869e+01,1.083314826897342442e+01,7.627483636068901340e+00,6.981554298789300894e+00,7.315256271104933816e+00,1.063262442082919712e+01,1.980697485507222311e+01,inf,inf,inf,inf,inf,inf,inf,inf,inf,inf,inf,inf,inf,inf,inf,inf,inf,inf,inf,inf,inf,inf,inf,inf,inf,inf,inf,inf,inf,inf,9.363542293446386111e+00,5.972220404306193942e+00,6.447694023587986933e+00,1.410653128168153891e+01,inf,inf,inf,inf,inf,inf,inf,inf,inf,inf,inf,inf,inf,inf,inf,inf,inf,inf,inf
inf,inf,inf,inf,inf,inf,inf,inf,inf,inf,inf,inf,inf,inf,inf,inf,1.480302854912676658e+01,7.116404904154044253e+00,inf,inf,inf,inf,inf,inf,inf,inf,inf,inf,1.546642146860491884e+01,6.444410632667105787e+00,7.337301210146566000e+00,1.958383130375801429e+01,inf,inf,inf,inf,inf,inf,inf,inf,inf,inf,inf,1.490170007663379614e+01,8.225472938639162734e+00,7.021938379411317932e+00,8.075729453735519314e+00,1.519930778888554634e+01,inf,inf,inf,inf,inf,inf,inf,inf,inf,inf,inf,inf,inf,inf,inf,inf,inf,inf,inf,inf,inf,inf,inf,inf,inf,inf,inf,inf,inf,inf,1.516018299439331329e+01,6.682326091154217274e+00,6.266050496067617104e+00,1.196106950986303907e+01,inf,inf,inf,inf,inf,inf,inf,inf,inf,inf,inf,inf,inf,inf,inf,inf,inf,inf
inf,inf,inf,inf,inf,inf,inf,inf,inf,inf,inf,inf,inf,inf,inf,inf,7.958774298344260423e+00,7.705482474119380143e+00,inf,inf,inf,inf,inf,inf,inf,inf,inf,inf,7.606869981321842999e+00,6.624128512943176617e+00,1.940150974696405939e+01,inf,inf,inf,inf,inf,inf,inf,inf,inf,inf,inf,inf,inf,inf,1.166680509813284949e+01,7.409478453734305248e+00,7.489252388095783530e+00,1.230727490103930499e+01,inf,inf,inf,inf,inf,inf,inf,inf,inf,inf,inf,inf,inf,inf,inf,inf,inf,inf,inf,inf,inf,inf,inf,inf,inf,inf,inf,inf,inf,inf,1.836005587213589862e+01,7.015897187601808582e+00,6.257308233618262605e+00,1.236258001743111734e+01,inf,inf,inf,inf,inf,inf,inf,inf,inf,inf,inf,inf,inf,inf,inf,inf,inf
inf,inf,inf,inf,inf,inf,inf,inf,inf,inf,inf,inf,inf,inf,inf,inf,7.133635917136659010e+00,1.268612636062938037e+01,inf,inf,inf,inf,inf,inf,inf,inf,inf,1.632573476573653437e+01,6.449786816934509837e+00,1.075800701113961289e+01,inf,inf,inf,inf,inf,inf,inf,inf,inf,inf,inf,inf,inf,inf,inf,inf,1.566384012868069142e+01,7.932694663447890981e+00,7.307765354007308645e+00,1.121272803421369524e+01,inf,inf,inf,inf,inf,inf,inf,inf,inf,inf,inf,inf,inf,inf,inf,inf,inf,inf,inf,inf,inf,inf,inf,inf,inf,inf,inf,inf,inf,inf,1.769676165472563412e+01,6.816408945837213906e+00,6.385845558618879814e+00,1.483716155549622506e+01,inf,inf,inf,inf,inf,inf,inf,inf,inf,inf,inf,inf,inf,inf,inf,inf
inf,inf,inf,inf,inf,inf,inf,inf,inf,inf,inf,inf,inf,inf,inf,1.403009682534547231e+01,7.114604705646101479e+00,inf,inf,inf,inf,inf,inf,inf,inf,inf,inf,8.286532711248341343e+00,6.693609337265858272e+00,inf,inf,inf,inf,inf,inf,inf,inf,inf,inf,inf,inf,inf,inf,inf,inf,inf,inf,1.836005587213589862e+01,8.231678059376038803e+00,7.244185391480051806e+00,1.100362575520025388e+01,2.119326921619211390e+01,inf,inf,inf,inf,inf,inf,inf,inf,inf,inf,inf,inf,inf,inf,inf,inf,inf,inf,inf,inf,inf,inf,inf,inf,inf,inf,inf,inf,inf,1.458932539159164321e+01,6.302789341548922231e+00,6.809121400683174841e+00,1.958383130375801429e+01,inf,inf,inf,inf,inf,inf,inf,inf,inf,inf,inf,inf,inf,inf,inf
inf,inf,inf,inf,inf,inf,inf,inf,inf,inf,inf,inf,inf,inf,inf,8.352038737306767047e+00,7.414137413571555868e+00,inf,inf,inf,inf,inf,inf,inf,inf,inf,inf,6.586744115697194424e+00,9.410507471915694921e+00,inf,inf,inf,inf,inf,inf,inf,inf,inf,inf,inf,inf,inf,inf,inf,inf,inf,inf,inf,1.862831985873057761e+01,8.195363097603298286e+00,7.235454732041548986e+00,1.142548684582136254e+01,inf,inf,inf,inf,inf,inf,inf,inf,inf,inf,inf,inf,inf,inf,inf,inf,inf,inf,inf,inf,inf,inf,inf,inf,inf,inf,inf,inf,inf,inf,1.066026674834089683e+01,5.840282806678282590e+00,8.083995131029558578e+00,inf,inf,inf,inf,inf,inf,inf,inf,inf,inf,inf,inf,inf,inf,inf
inf,inf,inf,inf,inf,inf,inf,inf,inf,inf,inf,inf,inf,inf,inf,7.093323601631061237e+00,9.931848197555080304e+00,inf,inf,inf,inf,inf,inf,inf,inf,inf,1.402161239342360055e+01,6.506474497347708663e+00,inf,inf,inf,inf,inf,inf,inf,inf,inf,inf,inf,inf,inf,inf,inf,inf,inf,inf,inf,inf,inf,1.677442860839551741e+01,7.839640161422327225e+00,7.324709955471493394e+00,1.269485118010221214e+01,inf,inf,inf,inf,inf,inf,inf,inf,inf,inf,inf,inf,inf,inf,inf,inf,inf,inf,inf,inf,inf,inf,inf,inf,inf,inf,inf,inf,inf,inf,7.704924731823478368e+00,5.745769937424503482e+00,1.111528228716817246e+01,inf,inf,inf,inf,inf,inf,inf,inf,inf,inf,inf,inf,inf,inf
inf,inf,inf,inf,inf,inf,inf,inf,inf,inf,inf,inf,inf,inf,inf,6.971338672826808747e+00,1.693058933915079933e+01,inf,inf,inf,inf,inf,inf,inf,inf,inf,7.590134143818265677e+00,6.834400599599009141e+00,inf,inf,inf,inf,inf,inf,inf,inf,inf,inf,inf,inf,inf,inf,inf,inf,inf,inf,inf,inf,inf,inf,1.377089551520529120e+01,7.283049568132653917e+00,7.735196750433007473e+00,1.539721146542674290e+01,inf,inf,inf,inf,inf,inf,inf,inf,inf,inf,inf,inf,inf,inf,inf,inf,inf,inf,inf,inf,inf,inf,inf,inf,inf,inf,inf,inf,inf,1.574223076262641463e+01,6.102676902891292166e+00,6.279877970447742541e+00,1.613702341084380620e+01,inf,inf,inf,inf,inf,inf,inf,inf,inf,inf,inf,inf,inf
inf,inf,inf,inf,inf,inf,inf,inf,inf,inf,inf,inf,inf,inf,1.265607733826918846e+01,6.891248883036698025e+00,inf,inf,inf,inf,inf,inf,inf,inf,inf,inf,6.401001811216418425e+00,1.050876097784580310e+01,inf,inf,inf,inf,inf,inf,inf,inf,inf,inf,inf,inf,inf,inf,inf,inf,inf,inf,inf,inf,inf,inf,inf,1.046120801226706298e+01,6.838352574718966181e+00,9.209296916304454683e+00,1.940150974696405939e+01,inf,inf,inf,inf,inf,inf,inf,inf,inf,inf,inf,inf,inf,inf,inf,inf,inf,inf,inf,inf,inf,inf,inf,inf,inf,inf,inf,inf,inf,9.648292911056753240e+00,5.504492476581280158e+00,8.251100059965569500e+00,2.119326921619211390e+01,inf,inf,inf,inf,inf,inf,inf,inf,inf,inf,inf,inf
inf,inf,inf,inf,inf,inf,inf,inf,inf,inf,inf,inf,inf,inf,8.323364921936185823e+00,7.033260855645467657e+00,inf,inf,inf,inf,inf,inf,inf,inf,inf,1.307685214339791102e+01,6.343357122197044617e+00,inf,inf,inf,inf,inf,inf,inf,inf,inf,inf,inf,inf,inf,inf,inf,inf,inf,inf,inf,inf,inf,inf,inf,inf,1.842068049395233587e+01,7.741577631512683411e+00,7.096451109953016534e+00,1.336842352516525878e+01,inf,inf,inf,inf,inf,inf,inf,inf,inf,inf,inf,inf,inf,inf,inf,inf,inf,inf,inf,inf,inf,inf,inf,inf,inf,inf,inf,inf,inf,1.782597338620564287e+01,6.488399343197106539e+00,5.888367692163209988e+00,1.311706468895308930e+01,inf,inf,inf,inf,inf,inf,inf,inf,inf,inf,inf,inf
inf,inf,inf,inf,inf,inf,inf,inf,inf,inf,inf,inf,inf,inf,6.840018696609875271e+00,8.600136466979966698e+00,inf,inf,inf,inf,inf,inf,inf,inf,inf,7.252255279043099634e+00,6.864761992879059527e+00,inf,inf,inf,inf,inf,inf,inf,inf,inf,inf,inf,inf,inf,inf,inf,inf,inf,inf,inf,inf,inf,inf,inf,inf,inf,1.021616244937904305e+01,6.711313833439859877e+00,9.925196245698312936e+00,inf,inf,inf,inf,inf,inf,inf,inf,inf,inf,inf,inf,inf,inf,inf,inf,inf,inf,inf,inf,inf,inf,inf,inf,inf,inf,inf,inf,inf,inf,9.484957905098731601e+00,5.625264409810185384e+00,8.842646111554985922e+00,2.050012203563217028e+01,inf,inf,inf,inf,inf,inf,inf,inf,inf,inf,inf
inf,inf,inf,inf,inf,inf,inf,inf,inf,inf,inf,inf,inf,inf,6.569886446277434011e+00,1.327974819890822111e+01,inf,inf,inf,inf,inf,inf,inf,inf,inf,6.411434345071626240e+00,1.097617602922591828e+01,inf,inf,inf,inf,inf,inf,inf,inf,inf,inf,inf,inf,inf,inf,inf,inf,inf,inf,inf,inf,inf,inf,inf,inf,inf,1.299380501857995540e+01,6.819847751347999143e+00,8.395669686884845717e+00,1.810222676283380139e+01,inf,inf,inf,inf,inf,inf,inf,inf,inf,inf,inf,inf,inf,inf,inf,inf,inf,inf,inf,inf,inf,inf,inf,inf,inf,inf,inf,inf,inf,1.350618906040898004e+01,6.018900758109798410e+00,7.107604811485520813e+00,1.738660672642179605e+01,inf,inf,inf,inf,inf,inf,inf,inf,inf,inf,inf
inf,inf,inf,inf,inf,inf,inf,inf,inf,inf,inf,inf,inf,1.703438613283244507e+01,6.458798292997984802e+00,inf,inf,inf,inf,inf,inf,inf,inf,inf,1.200855439185490603e+01,6.491370587707999462e+00,2.119326921619211390e+01,inf,inf,inf,inf,inf,inf,inf,inf,inf,inf,inf,inf,inf,inf,inf,inf,inf,inf,inf,inf,inf,inf,inf,inf,inf,1.438422991014913599e+01,6.963389971541030121e+00,7.879916952052278489e+00,1.670463284645997604e+01,inf,inf,inf,inf,inf,inf,inf,inf,inf,inf,inf,inf,inf,inf,inf,inf,inf,inf,inf,inf,inf,inf,inf,inf,inf,inf,inf,inf,inf,1.667148063914307343e+01,6.595358697832768513e+00,6.553537163690302592e+00,1.509519493402587464e+01,inf,inf,inf,inf,inf,inf,inf,inf,inf,inf,inf
inf,inf,inf,inf,inf,inf,inf,inf,inf,inf,inf,inf,inf,9.827186201334654925e+00,6.389459871770070798e+00,inf,inf,inf,inf,inf,inf,inf,inf,inf,8.159016001039084642e+00,6.814597733152126580e+00,inf,inf,inf,inf,inf,inf,inf,inf,inf,inf,inf,inf,inf,inf,inf,inf,inf,inf,inf,inf,inf,inf,inf,inf,inf,inf,1.393064061521787345e+01,6.941499265446267053e+00,7.922851417728602463e+00,1.683656038950252309e+01,inf,inf,inf,inf,inf,inf,inf,inf,inf,inf,inf,inf,inf,inf,inf,inf,inf,inf,inf,inf,inf,inf,inf,inf,inf,inf,inf,inf,inf,1.830289745829595205e+01,6.968661487385740649e+00,6.460866107482996945e+00,1.428551393720997886e+01,inf,inf,inf,inf,inf,inf,inf,inf,inf,inf,inf
inf,inf,inf,inf,inf,inf,inf,inf,inf,inf,inf,inf,inf,6.828977929545220427e+00,7.124845064848867260e+00,inf,inf,inf,inf,inf,inf,inf,inf,inf,7.097660269349482576e+00,7.719412697227514109e+00,inf,inf,inf,inf,inf,inf,inf,inf,inf,inf,inf,inf,inf,inf,inf,inf,inf,inf,inf,inf,inf,inf,inf,inf,inf,inf,1.237730565533867733e+01,6.795412320662126859e+00,8.424930013407589513e+00,1.789743235018778478e+01,inf,inf,inf,inf,inf,inf,inf,inf,inf,inf,inf,inf,inf,inf,inf,inf,inf,inf,inf,inf,inf,inf,inf,inf,inf,inf,inf,inf,inf,1.801521538584416859e+01,6.953316753924229765e+00,6.558041383757259091e+00,1.461679964714389079e+01,inf,inf,inf,inf,inf,inf,inf,inf,inf,inf,inf
inf,inf,inf,inf,inf,inf,inf,inf,inf,inf,inf,inf,inf,6.218757697145795404e+00,1.057783726301313720e+01,inf,inf,inf,inf,inf,inf,inf,inf,inf,7.020687892636836125e+00,8.101418655956891257e+00,inf,inf,inf,inf,inf,inf,inf,inf,inf,inf,inf,inf,inf,inf,inf,inf,inf,inf,inf,inf,inf,inf,inf,inf,inf,inf,1.042741927380738787e+01,6.675052312418929823e+00,9.514541218654180454e+00,2.050012203563217028e+01,inf,inf,inf,inf,inf,inf,inf,inf,inf,inf,inf,inf,inf,inf,inf,inf,inf,inf,inf,inf,inf,inf,inf,inf,inf,inf,inf,inf,inf,1.631046729360574332e+01,6.637071141827652454e+00,6.848518428845752126e+00,1.608128142783557379e+01,inf,inf,inf,inf,inf,inf,inf,inf,inf,inf,inf
inf,inf,inf,inf,inf,inf,inf,inf,inf,inf,inf,inf,inf,6.157962899716207694e+00,1.726144358346779129e+01,inf,inf,inf,inf,inf,inf,inf,inf,inf,7.522908137351469016e+00,7.380642813407704672e+00,inf,inf,inf,inf,inf,inf,inf,inf,inf,inf,inf,inf,inf,inf,inf,inf,inf,inf,inf,inf,inf,inf,inf,inf,inf,inf,8.627426421815906465e+00,6.714185510025417969e+00,1.147442591581958737e+01,inf,inf,inf,inf,inf,inf,inf,inf,inf,inf,inf,inf,inf,inf,inf,inf,inf,inf,inf,inf,inf,inf,inf,inf,inf,inf,inf,inf,inf,inf,1.385698355617081745e+01,6.244901798943996774e+00,7.536863422625827980e+00,1.862831985873057761e+01,inf,inf,inf,inf,inf,inf,inf,inf,inf,inf,3.047025567941541446e+00
inf,inf,inf,inf,inf,inf,inf,inf,inf,inf,inf,inf,inf,6.124648892730648164e+00,inf,inf,inf,inf,inf,inf,inf,inf,inf,inf,9.619681483055261495e+00,6.804565743740013772e+00,1.310225417448158325e+01,inf,inf,inf,inf,inf,inf,inf,inf,inf,inf,inf,inf,inf,inf,inf,inf,inf,inf,inf,inf,inf,inf,inf,inf,1.672736109753753198e+01,7.307751368104166367e+00,7.143928413578508163e+00,1.460985999403335001e+01,inf,inf,inf,inf,inf,inf,inf,inf,inf,inf,inf,inf,inf,inf,inf,inf,inf,inf,inf,inf,inf,inf,inf,inf,inf,inf,inf,inf,inf,inf,1.101628726191505692e+01,5.978224086817880867e+00,9.048497671238546758e+00,inf,inf,inf,inf,inf,inf,inf,inf,inf,inf,inf,inf
inf,inf,inf,inf,inf,inf,inf,inf,inf,inf,inf,inf,inf,6.100310045807497694e+00,inf,inf,inf,inf,inf,inf,inf,inf,inf,inf,1.636495547888981505e+01,7.207703696089431844e+00,7.583567084812259829e+00,1.720428516962784116e+01,inf,inf,inf,inf,inf,inf,inf,inf,inf,inf,inf,inf,inf,inf,inf,inf,inf,inf,inf,inf,inf,inf,inf,1.206783335130637624e+01,6.625940763486334539e+00,8.448051747596222683e+00,1.980697485507222311e+01,inf,inf,inf,inf,inf,inf,inf,inf,inf,inf,inf,inf,inf,inf,inf,inf,inf,inf,inf,inf,inf,inf,inf,inf,inf,inf,inf,inf,inf,inf,8.278141592720155373e+00,5.926570682773431464e+00,1.213526450551963087e+01,inf,inf,inf,inf,inf,inf,inf,inf,inf,inf,inf,inf
inf,inf,inf,inf,inf,inf,inf,inf,inf,inf,inf,inf,inf,6.077304087945464950e+00,2.009465692752400656e+01,inf,inf,inf,inf,inf,inf,inf,inf,inf,inf,1.186496804658236748e+01,6.996856771081506388e+00,7.614548650100902094e+00,1.511333602109652574e+01,inf,inf,inf,inf,inf,inf,inf,inf,inf,inf,inf,inf,inf,inf,inf,inf,inf,inf,inf,inf,inf,2.119326921619211390e+01,8.467114916419458126e+00,6.535583898539408132e+00,1.136515197068076333e+01,inf,inf,inf,inf,inf,inf,inf,inf,inf,inf,inf,inf,inf,inf,inf,inf,inf,inf,inf,inf,inf,inf,inf,inf,inf,inf,inf,inf,inf,inf,1.958383130375801429e+01,6.356798769629381063e+00,6.508494127221568171e+00,1.782597338620564287e+01,inf,inf,inf,inf,inf,inf,inf,inf,inf,inf,inf,inf
inf,inf,inf,inf,inf,inf,inf,inf,inf,inf,inf,inf,inf,6.050002986619652745e+00,1.285592065169494091e+01,inf,inf,inf,inf,inf,inf,inf,inf,inf,inf,inf,1.257496452340746629e+01,7.254043916642030965e+00,6.943454100401262430e+00,9.533666643377399552e+00,inf,inf,inf,inf,inf,inf,inf,inf,inf,inf,inf,inf,inf,inf,inf,inf,inf,inf,inf,inf,1.201184285438057486e+01,6.617318316537192047e+00,7.559142654668891126e+00,1.695916271159485689e+01,inf,inf,inf,inf,inf,inf,inf,inf,inf,inf,inf,inf,inf,inf,inf,inf,inf,inf,inf,inf,inf,inf,inf,inf,inf,inf,inf,inf,inf,inf,1.160785421743183754e+01,5.685158048814164644e+00,9.141624788999449081e+00,inf,inf,inf,inf,inf,inf,inf,inf,inf,inf,inf,inf,inf
inf,inf,inf,inf,inf,inf,inf,inf,inf,inf,inf,inf,inf,6.154453631346336273e+00,8.019494351385306530e+00,inf,inf,inf,inf,inf,inf,inf,inf,inf,inf,inf,inf,1.958383130375801429e+01,8.762210717428544626e+00,6.891849077010836488e+00,6.912346177192350893e+00,8.417936014818865331e+00,1.433997012300603657e+01,inf,inf,inf,inf,inf,inf,inf,inf,inf,inf,inf,inf,inf,inf,inf,inf,1.272149188830636035e+01,7.141130435148646427e+00,6.596615252467176838e+00,1.151005433987851490e+01,inf,inf,inf,inf,inf,inf,inf,inf,inf,inf,inf,inf,inf,inf,inf,inf,inf,inf,inf,inf,inf,inf,inf,inf,inf,inf,inf,inf,inf,inf,inf,6.640749628192017084e+00,6.017911203822833954e+00,1.677442860839551741e+01,inf,inf,inf,inf,inf,inf,inf,inf,inf,inf,inf,inf,inf
inf,inf,inf,inf,inf,inf,inf,inf,inf,inf,inf,inf,inf,7.584084424615891606e+00,6.180935250037617124e+00,1.870836256640411577e+01,inf,inf,inf,inf,inf,inf,inf,inf,inf,inf,inf,inf,inf,1.911382767451227949e+01,9.610556528648647401e+00,7.117626883913065861e+00,6.919080799068280996e+00,6.989376638715742551e+00,7.533432831315168166e+00,9.619088739907375896e+00,1.343536300784036897e+01,1.842068049395233587e+01,inf,inf,inf,inf,inf,inf,inf,inf,1.940150974696405939e+01,1.351679556980295871e+01,8.932078848729172904e+00,6.722384479261442891e+00,6.612841200079895287e+00,9.949033982492077044e+00,2.119326921619211390e+01,inf,inf,inf,inf,inf,inf,inf,inf,inf,inf,inf,inf,inf,inf,inf,inf,inf,inf,inf,inf,inf,inf,inf,inf,inf,inf,inf,inf,inf,inf,9.990244166462378672e+00,5.574227250954152169e+00,9.770312223383680106e+00,inf,inf,inf,inf,inf,inf,inf,inf,inf,inf,inf,inf,inf,inf
inf,inf,inf,inf,inf,inf,inf,inf,inf,inf,inf,inf,inf,1.253162942041084982e+01,5.959685388312212062e+00,8.886912417959662136e+00,inf,inf,inf,inf,inf,inf,inf,inf,inf,inf,inf,inf,inf,inf,inf,inf,1.879537394339374501e+01,1.107205274504327619e+01,7.967964847820561580e+00,7.183117467386344046e+00,7.164945886128101016e+00,7.221897442202135586e+00,7.276486287659299279e+00,7.351506287083775959e+00,7.502826539052761312e+00,7.708689278010382395e+00,7.860753509152283769e+00,7.861773588917231770e+00,7.673600598701757924e+00,7.372908439577990691e+00,7.080012400018468988e+00,6.862947188510185370e+00,6.765065311508881685e+00,7.770638296651506849e+00,1.222512780206530181e+01,inf,inf,inf,inf,inf,inf,inf,inf,inf,inf,inf,inf,inf,inf,inf,inf,inf,inf,inf,inf,inf,inf,inf,inf,inf,inf,inf,inf,inf,inf,inf,1.625879528306142419e+01,5.792965754517194199e+00,6.941787623726313861e+00,inf,inf,inf,inf,inf,inf,inf,inf,inf,inf,inf,inf,inf,inf,inf
inf,inf,inf,inf,inf,inf,inf,inf,inf,inf,inf,inf,inf,inf,7.272071595892185769e+00,6.140458917285840812e+00,1.157201195742952216e+01,inf,inf,inf,inf,inf,inf,inf,inf,inf,inf,inf,inf,inf,inf,inf,inf,inf,inf,inf,inf,1.726144358346779129e+01,1.300987184619368264e+01,1.057387055849748947e+01,9.230848998607692479e+00,8.544072866305938874e+00,8.231154406332343854e+00,8.152473875851610430e+00,8.285964659785960862e+00,8.751571241845676141e+00,9.861386126517460937e+00,1.213084897429255449e+01,1.667148063914307343e+01,inf,inf,inf,inf,inf,inf,inf,inf,inf,inf,inf,inf,inf,inf,inf,inf,inf,inf,inf,inf,inf,inf,inf,inf,inf,inf,inf,inf,inf,inf,inf,inf,inf,6.199747869343267936e+00,6.152886475316178938e+00,2.119326921619211390e+01,inf,inf,inf,inf,inf,inf,inf,inf,inf,inf,inf,inf,inf,inf,inf
inf,inf,inf,inf,inf,inf,inf,inf,inf,inf,inf,inf,inf,inf,1.329857836576649177e+01,6.421266924609539295e+00,6.639704557827284859e+00,1.259375898228666379e+01,inf,inf,inf,inf,inf,inf,inf,inf,inf,inf,inf,inf,inf,inf,inf,inf,inf,inf,inf,inf,inf,inf,inf,inf,inf,inf,inf,inf,inf,inf,inf,inf,inf,inf,inf,inf,inf,inf,inf,inf,inf,inf,inf,inf,inf,inf,inf,inf,inf,inf,inf,inf,inf,inf,inf,inf,inf,inf,inf,inf,inf,inf,inf,6.642865110511697146e+00,5.784595056924541012e+00,1.650192133396297223e+01,inf,inf,inf,inf,inf,inf,inf,inf,inf,inf,inf,inf,inf,inf,inf,inf
inf,inf,inf,inf,inf,inf,inf,inf,inf,inf,inf,inf,inf,inf,inf,1.039532762639100660e+01,6.257237465291070500e+00,6.930153384768454217e+00,1.246484312448750309e+01,inf,inf,inf,inf,inf,inf,inf,inf,inf,inf,inf,inf,inf,inf,inf,inf,inf,inf,inf,inf,inf,inf,inf,inf,inf,inf,inf,inf,inf,inf,inf,inf,inf,inf,inf,inf,inf,inf,inf,inf,inf,inf,inf,inf,inf,inf,inf,inf,inf,inf,inf,inf,inf,inf,inf,inf,inf,inf,inf,inf,inf,7.690550697016620418e+00,5.462114951732433887e+00,1.295976607595812169e+01,inf,inf,inf,inf,inf,inf,inf,inf,inf,inf,inf,inf,inf,inf,inf,inf,inf
inf,inf,inf,inf,inf,inf,inf,inf,inf,inf,inf,inf,inf,inf,inf,inf,9.488600055849026660e+00,6.276078413885548102e+00,7.047183058362413988e+00,1.208518307825468874e+01,2.119326921619211390e+01,inf,inf,inf,inf,inf,inf,inf,inf,inf,inf,inf,inf,inf,inf,inf,inf,inf,inf,inf,inf,inf,inf,inf,inf,inf,inf,inf,inf,inf,inf,inf,inf,inf,inf,inf,inf,inf,inf,inf,inf,inf,inf,inf,inf,inf,inf,inf,inf,inf,inf,inf,inf,inf,inf,inf,inf,inf,inf,1.282434404144498075e+01,5.294777513341139219e+00,9.178066561425856307e+00,inf,inf,inf,inf,inf,inf,inf,inf,inf,inf,inf,inf,inf,inf,inf,inf,inf,inf
inf,inf,inf,inf,inf,inf,inf,inf,inf,inf,inf,inf,inf,inf,inf,inf,2.009465692752400656e+01,9.202235552899640680e+00,6.344138682534134155e+00,7.103503829090090704e+00,1.171473544834801395e+01,2.009465692752400656e+01,inf,inf,inf,inf,inf,inf,inf,inf,inf,inf,inf,inf,inf,inf,inf,inf,inf,inf,inf,inf,inf,inf,inf,inf,inf,inf,inf,inf,inf,inf,inf,inf,inf,inf,inf,inf,inf,inf,inf,inf,inf,inf,inf,inf,inf,inf,inf,inf,inf,inf,inf,inf,inf,inf,inf,inf,inf,5.515506398509518959e+00,6.461164372430840075e+00,inf,inf,inf,inf,inf,inf,inf,inf,inf,inf,inf,inf,inf,inf,inf,inf,inf,inf,inf
inf,inf,inf,inf,inf,inf,inf,inf,inf,inf,inf,inf,inf,inf,inf,inf,inf,1.810222676283380139e+01,9.082386757665689814e+00,6.414009696434036734e+00,7.155919156817228455e+00,1.146330206449687417e+01,1.958383130375801429e+01,inf,inf,inf,inf,inf,inf,inf,inf,inf,inf,inf,inf,inf,inf,inf,inf,inf,inf,inf,inf,inf,inf,inf,inf,inf,inf,inf,inf,inf,inf,inf,inf,inf,inf,inf,inf,inf,inf,inf,inf,inf,inf,inf,inf,inf,inf,inf,inf,inf,inf,inf,inf,inf,inf,inf,6.903951023394377273e+00,5.296220316370757963e+00,2.009465692752400656e+01,inf,inf,inf,inf,inf,inf,inf,inf,inf,inf,inf,inf,inf,inf,inf,inf,inf,inf,inf
inf,inf,inf,inf,inf,inf,inf,inf,inf,inf,inf,inf,inf,inf,inf,inf,inf,inf,1.724202549761068681e+01,8.963040687450870792e+00,6.464730041269689309e+00,7.227316560985516780e+00,1.132504621275629830e+01,1.889068412319807067e+01,inf,inf,inf,inf,inf,inf,inf,inf,inf,inf,inf,inf,inf,inf,inf,inf,inf,inf,inf,inf,inf,inf,inf,inf,inf,inf,inf,inf,inf,inf,inf,inf,inf,inf,inf,inf,inf,inf,inf,inf,inf,inf,inf,inf,inf,inf,inf,inf,inf,inf,inf,inf,inf,1.264729422335042663e+01,5.073625863542186920e+00,1.000072809477386748e+01,inf,inf,inf,inf,inf,inf,inf,inf,inf,inf,inf,inf,inf,inf,inf,inf,inf,inf,inf,inf
inf,inf,inf,inf,inf,inf,inf,inf,inf,inf,inf,inf,inf,inf,inf,inf,inf,inf,inf,1.650192133396297223e+01,8.778054585383546993e+00,6.487033559915992953e+00,7.331669280758799978e+00,1.128908190854171423e+01,1.830289745829595205e+01,inf,inf,inf,inf,inf,inf,inf,inf,inf,inf,inf,inf,inf,inf,inf,inf,inf,inf,inf,inf,inf,inf,inf,inf,inf,inf,inf,inf,inf,inf,inf,inf,inf,inf,inf,inf,inf,inf,inf,inf,inf,inf,inf,inf,inf,inf,inf,inf,inf,inf,inf,1.289647335042206322e+01,5.344789942820143303e+00,6.505386794574302911e+00,inf,inf,inf,inf,inf,inf,inf,inf,inf,inf,inf,inf,inf,inf,inf,inf,inf,inf,inf,inf,inf
inf,inf,inf,inf,inf,inf,inf,inf,inf,inf,inf,inf,inf,inf,inf,inf,inf,inf,inf,inf,1.536432359858190821e+01,8.483129736140504917e+00,6.485884806961615290e+00,7.482180725477265426e+00,1.133750239986739849e+01,1.766690869157595500e+01,inf,inf,inf,inf,inf,inf,inf,inf,inf,inf,inf,inf,inf,inf,inf,inf,inf,inf,inf,inf,inf,inf,inf,inf,inf,inf,inf,inf,inf,inf,inf,inf,inf,inf,inf,inf,inf,inf,inf,inf,inf,inf,inf,inf,inf,inf,inf,inf,inf,7.549099919714660878e+00,5.561093590962344457e+00,6.777981391007187995e+00,2.009465692752400656e+01,inf,inf,inf,inf,inf,inf,inf,inf,inf,inf,inf,inf,inf,inf,inf,inf,inf,inf,inf,inf,inf
inf,inf,inf,inf,inf,inf,inf,inf,inf,inf,inf,inf,inf,inf,inf,inf,inf,inf,inf,inf,inf,1.404413761763470880e+01,8.105737478033258725e+00,6.481791865509284101e+00,7.659658811569368453e+00,1.134339343310463732e+01,1.701888194629647799e+01,inf,inf,inf,inf,inf,inf,inf,inf,inf,inf,inf,inf,inf,inf,inf,inf,inf,inf,inf,inf,inf,inf,inf,inf,inf,inf,inf,inf,inf,inf,inf,inf,inf,inf,inf,inf,inf,inf,inf,inf,inf,inf,inf,inf,inf,inf,1.116094879181301813e+01,6.294224136608743692e+00,6.106996929322686896e+00,1.081768647325005972e+01,inf,inf,inf,inf,inf,inf,inf,inf,inf,inf,inf,inf,inf,inf,inf,inf,inf,inf,inf,inf,inf,inf,inf
inf,inf,inf,inf,inf,inf,inf,inf,inf,inf,inf,inf,inf,inf,inf,inf,inf,inf,inf,inf,inf,2.119326921619211390e+01,1.272968779422452634e+01,7.739322677097034031e+00,6.497818266970564416e+00,7.756030867433998388e+00,1.108240170752125664e+01,1.591515455696159798e+01,inf,inf,inf,inf,inf,inf,inf,inf,inf,inf,inf,inf,inf,inf,inf,inf,inf,inf,inf,inf,inf,inf,inf,inf,inf,inf,inf,inf,inf,inf,inf,inf,inf,inf,inf,inf,inf,inf,inf,inf,inf,inf,inf,2.119326921619211390e+01,7.038751066907724230e+00,6.325031158422449451e+00,8.127192632598861266e+00,1.724202549761068681e+01,inf,inf,inf,inf,inf,inf,inf,inf,inf,inf,inf,inf,inf,inf,inf,inf,inf,inf,inf,inf,inf,inf,inf,inf
inf,inf,inf,inf,inf,inf,inf,inf,inf,inf,inf,inf,inf,inf,inf,inf,inf,inf,inf,inf,inf,inf,inf,1.175165840569011522e+01,7.548800866713595070e+00,6.524669315184574714e+00,7.576673118995572054e+00,1.020890913146588730e+01,1.397655972948265735e+01,1.830289745829595205e+01,2.119326921619211390e+01,inf,inf,inf,inf,inf,inf,inf,inf,inf,inf,inf,inf,inf,inf,inf,inf,inf,inf,inf,inf,inf,inf,inf,inf,inf,inf,inf,inf,inf,inf,inf,inf,inf,inf,inf,inf,inf,inf,inf,9.350701931735779127e+00,6.481677164304775474e+00,7.184158445274742455e+00,1.589495184964407848e+01,inf,inf,inf,inf,inf,inf,inf,inf,inf,inf,inf,inf,inf,inf,inf,inf,inf,inf,inf,inf,inf,inf,inf,inf,inf,inf
inf,inf,inf,inf,inf,inf,inf,inf,inf,inf,inf,inf,inf,inf,inf,inf,inf,inf,inf,inf,inf,inf,inf,2.009465692752400656e+01,1.155264105067642255e+01,7.745049754629762973e+00,6.596631278471429383e+00,7.049450370419295453e+00,8.630428131094062039e+00,1.101803844250571451e+01,1.383635097383609391e+01,1.688920412298794460e+01,2.050012203563217028e+01,inf,inf,inf,inf,inf,inf,inf,inf,inf,inf,inf,inf,inf,inf,inf,inf,inf,inf,inf,inf,inf,inf,inf,inf,inf,inf,inf,inf,inf,inf,inf,inf,inf,inf,inf,inf,7.542524816736713156e+00,6.463445480425432876e+00,9.764758502364250248e+00,1.862831985873057761e+01,inf,inf,inf,inf,inf,inf,inf,inf,inf,inf,inf,inf,inf,inf,inf,inf,inf,inf,inf,inf,inf,inf,inf,inf,inf,inf,inf
inf,inf,inf,inf,inf,inf,inf,inf,inf,inf,inf,inf,inf,inf,inf,inf,inf,inf,inf,inf,inf,inf,inf,inf,2.119326921619211390e+01,1.290297662496780084e+01,8.773699396399537775e+00,7.078450679286103053e+00,6.709294615303154963e+00,7.095380627367966042e+00,8.024119585869911475e+00,9.373800671129187023e+00,1.102262122692500412e+01,1.292223235039916140e+01,1.491662572685047117e+01,1.715021794835756452e+01,1.980697485507222311e+01,2.119326921619211390e+01,inf,inf,inf,inf,inf,inf,inf,inf,inf,inf,inf,inf,inf,inf,inf,inf,inf,inf,inf,inf,inf,inf,inf,inf,inf,inf,inf,inf,inf,inf,7.107362123601552284e+00,6.647060426856102211e+00,1.374202753120443887e+01,inf,inf,inf,inf,inf,inf,inf,inf,inf,inf,inf,inf,inf,inf,inf,inf,inf,inf,inf,inf,inf,inf,inf,inf,inf,inf,inf,inf,inf
inf,inf,inf,inf,inf,inf,inf,inf,inf,inf,inf,inf,inf,inf,inf,inf,inf,inf,inf,inf,inf,inf,inf,inf,inf,inf,1.760975027773600488e+01,1.204864138758131453e+01,9.102725274235396569e+00,7.648504953973420228e+00,7.070737301100613159e+00,6.950980299683503283e+00,7.079335478560041750e+00,7.423850765428608334e+00,8.006542332964501796e+00,8.849149140701831229e+00,9.967572593064845776e+00,1.139915020071135210e+01,1.316742587204121229e+01,1.530162500436634510e+01,1.801521538584416859e+01,2.050012203563217028e+01,2.119326921619211390e+01,inf,inf,inf,inf,inf,inf,inf,inf,inf,inf,inf,inf,inf,inf,inf,inf,inf,inf,inf,inf,inf,inf,inf,inf,7.056082488382865670e+00,6.600152229590535491e+00,1.440881215355447154e+01,inf,inf,inf,inf,inf,inf,inf,inf,inf,inf,inf,inf,inf,inf,inf,inf,inf,inf,inf,inf,inf,inf,inf,inf,inf,inf,inf,inf,inf,inf
inf,inf,inf,inf,inf,inf,inf,inf,inf,inf,inf,inf,inf,inf,inf,inf,inf,inf,inf,inf,inf,inf,inf,inf,inf,inf,inf,inf,2.119326921619211390e+01,1.661855823768873108e+01,1.285711840007145312e+01,1.045865674015414015e+01,8.940432266686057616e+00,8.023814259253937209e+00,7.508986420533027228e+00,7.260748365504833046e+00,7.181775020790050590e+00,7.262588811755895435e+00,7.583151931973555193e+00,8.270899430203296987e+00,9.434382514627230876e+00,1.114984582335847030e+01,1.351865171882775307e+01,1.629542941624120544e+01,1.980697485507222311e+01,inf,inf,inf,inf,inf,inf,inf,inf,inf,inf,inf,inf,inf,inf,inf,inf,inf,inf,inf,inf,inf,7.546937361932832822e+00,6.263300907931403039e+00,1.308886790827050284e+01,1.911382767451227949e+01,inf,inf,inf,inf,inf,inf,inf,inf,inf,inf,inf,inf,inf,inf,inf,inf,inf,inf,inf,inf,inf,inf,inf,inf,inf,inf,inf,inf,inf,inf
inf,inf,inf,inf,inf,inf,inf,inf,inf,inf,inf,inf,inf,inf,inf,inf,inf,inf,inf,inf,inf,inf,inf,inf,inf,inf,inf,inf,inf,inf,inf,inf,inf,1.980697485507222311e+01,1.596216059933752973e+01,1.295605451284262699e+01,1.074658565985954617e+01,9.140213726503654712e+00,8.074793385514979605e+00,7.455709388945178873e+00,7.192060309219576730e+00,7.285132987586953490e+00,7.902553059332347196e+00,9.224800419959660047e+00,1.134809957298050165e+01,1.415888128627661224e+01,1.752970757006247027e+01,2.050012203563217028e+01,inf,inf,inf,inf,inf,inf,inf,inf,inf,inf,inf,inf,inf,inf,inf,inf,inf,9.300394761358482754e+00,5.945543006127443242e+00,1.001556477094154118e+01,1.629542941624120544e+01,inf,inf,inf,inf,inf,inf,inf,inf,inf,inf,inf,inf,inf,inf,inf,inf,inf,inf,inf,inf,inf,inf,inf,inf,inf,inf,inf,inf,inf,inf,inf
inf,inf,inf,inf,inf,inf,inf,inf,inf,inf,inf,inf,inf,inf,inf,inf,inf,inf,inf,inf,inf,inf,inf,inf,inf,inf,inf,inf,inf,inf,inf,inf,inf,inf,inf,inf,inf,inf,1.740907958227385421e+01,1.341129598175773197e+01,1.042345878915975455e+01,8.493476414798889707e+00,7.430921066742444125e+00,7.049907044056850758e+00,7.328994208674741273e+00,8.408888014793932442e+00,1.029567840141372415e+01,1.280527396324755962e+01,1.548948674153591476e+01,1.801521538584416859e+01,1.940150974696405939e+01,2.009465692752400656e+01,2.119326921619211390e+01,inf,inf,inf,inf,inf,inf,inf,inf,inf,inf,inf,1.080230655349824787e+01,5.971451152756355185e+00,7.327132086050156090e+00,1.445274985658589273e+01,1.830289745829595205e+01,inf,inf,inf,inf,inf,inf,inf,inf,inf,inf,inf,inf,inf,inf,inf,inf,inf,inf,inf,inf,inf,inf,inf,inf,inf,inf,inf,inf,inf,inf,inf
inf,inf,inf,inf,inf,inf,inf,inf,inf,inf,inf,inf,inf,inf,inf,inf,inf,inf,inf,inf,inf,inf,inf,inf,inf,inf,inf,inf,inf,inf,inf,inf,inf,inf,inf,inf,inf,inf,inf,inf,inf,1.726144358346779129e+01,1.249275496764884075e+01,9.319527394782603835e+00,7.584117612312600620e+00,6.881678009271987584e+00,7.002541783297456135e+00,7.846889068839964843e+00,9.162931864581160823e+00,1.052194453746459857e+01,1.152639046592376815e+01,1.198844402490404271e+01,1.200038023782968821e+01,1.176331150267828107e+01,1.150818646062302442e+01,1.138403739958170746e+01,1.145577721785116942e+01,1.179412832132426914e+01,1.240254358792853928e+01,1.317728140516487834e+01,1.392156550930474701e+01,1.397362717606137927e+01,1.243265936862211340e+01,9.019508007929550431e+00,6.170648380921705645e+00,6.274218863018250936e+00,1.122347907440192394e+01,1.542182809306209990e+01,inf,inf,inf,inf,inf,inf,inf,inf,inf,inf,inf,inf,inf,inf,inf,inf,inf,inf,inf,inf,inf,inf,inf,inf,inf,inf,inf,inf,inf,inf,inf,inf
inf,inf,inf,inf,inf,inf,inf,inf,inf,inf,inf,inf,inf,inf,inf,inf,inf,inf,inf,inf,inf,inf,inf,inf,inf,inf,inf,inf,inf,inf,inf,inf,inf,inf,inf,inf,inf,inf,inf,inf,inf,inf,inf,1.848521901508990695e+01,1.283132731004717009e+01,9.265879259316921690e+00,7.403132878059659916e+00,6.658308455166849882e+00,6.624053681613664146e+00,6.945578269055911136e+00,7.281154770170485513e+00,7.436050066604946274e+00,7.413568235924560490e+00,7.304988795228699594e+00,7.191479941329761871e+00,7.113712731623997421e+00,7.075018283246980566e+00,7.070614457619604387e+00,7.092086604510925874e+00,7.122766888551335107e+00,7.116644405468788293e+00,6.973744602386991787e+00,6.567682139640993455e+00,5.994238892740900049e+00,6.176245075309593879e+00,8.783125753081037601e+00,1.326378269287782707e+01,1.570847228270146090e+01,inf,inf,inf,inf,inf,inf,inf,inf,inf,inf,inf,inf,inf,inf,inf,inf,inf,inf,inf,inf,inf,inf,inf,inf,inf,inf,inf,inf,inf,inf,inf,inf
inf,inf,inf,inf,inf,inf,inf,inf,inf,inf,inf,inf,inf,inf,inf,inf,inf,inf,inf,inf,inf,inf,inf,inf,inf,inf,inf,inf,inf,inf,inf,inf,inf,inf,inf,inf,inf,inf,inf,inf,inf,inf,inf,inf,inf,1.715021794835756452e+01,1.187273005191785735e+01,8.882174612308173067e+00,7.359075284513310500e+00,6.714823808412679895e+00,6.524941627946199141e+00,6.528595823700801937e+00,6.610093232544782538e+00,6.735438564957392238e+00,6.881984948288538462e+00,7.017886630412538018e+00,7.107989569573622823e+00,7.125581491102029652e+00,7.068082244393791846e+00,6.946666090082532996e+00,6.795470415313972445e+00,6.660264290583704394e+00,6.644259673669881572e+00,7.050779192870439083e+00,8.457136127831182293e+00,1.117333285101274143e+01,1.414662193834336001e+01,1.577273421691982946e+01,inf,inf,inf,inf,inf,inf,inf,inf,inf,inf,inf,inf,inf,inf,inf,inf,inf,inf,inf,inf,inf,inf,inf,inf,inf,inf,inf,inf,inf,inf,inf,inf
inf,inf,inf,inf,inf,inf,inf,inf,inf,inf,inf,inf,inf,inf,inf,inf,inf,inf,inf,inf,inf,inf,inf,inf,inf,inf,inf,inf,inf,inf,inf,inf,inf,inf,inf,inf,inf,inf,inf,inf,inf,inf,inf,inf,inf,inf,2.119326921619211390e+01,1.504908358206646923e+01,1.133839434357668097e+01,9.392154307504677391e+00,8.510906492606833851e+00,8.251667812364123833e+00,8.340632741075863166e+00,8.601029817016877743e+00,8.915680884150619434e+00,9.201993799629370585e+00,9.397920482069297421e+00,9.477982667090207869e+00,9.445010793497734980e+00,9.313626401461096549e+00,9.139660340788436699e+00,9.011381687050297629e+00,9.087359506061336134e+00,9.593304041300305229e+00,1.077725748325441479e+01,1.266830628751151799e+01,1.466823955834865245e+01,1.578162316433707524e+01,inf,inf,inf,inf,inf,inf,inf,inf,inf,inf,inf,inf,inf,inf,inf,inf,inf,inf,inf,inf,inf,inf,inf,inf,inf,inf,inf,inf,inf,inf,inf,inf
inf,inf,inf,inf,inf,inf,inf,inf,inf,inf,inf,inf,inf,inf,inf,inf,inf,inf,inf,inf,inf,inf,inf,inf,inf,inf,inf,inf,inf,inf,inf,inf,inf,inf,inf,inf,inf,inf,inf,inf,inf,inf,inf,inf,inf,inf,inf,inf,1.801521538584416859e+01,1.436998309383642791e+01,1.254417095389593939e+01,1.173022649066017919e+01,1.155062708215420919e+01,1.165391290827117388e+01,1.186754869317585914e+01,1.207208798053575016e+01,1.219698877679710058e+01,1.221397856710123975e+01,1.213526450551963087e+01,1.196058044055217096e+01,1.173638131512270633e+01,1.154674056346492783e+01,1.148634414274028437e+01,1.173888522879398089e+01,1.244687088208307379e+01,1.363058796947023055e+01,1.499276004214942581e+01,1.584141108271604814e+01,inf,inf,inf,inf,inf,inf,inf,inf,inf,inf,inf,inf,inf,inf,inf,inf,inf,inf,inf,inf,inf,inf,inf,inf,inf,inf,inf,inf,inf,inf,inf,inf
inf,inf,inf,inf,inf,inf,inf,inf,inf,inf,inf,inf,inf,inf,inf,inf,inf,inf,inf,inf,inf,inf,inf,inf,inf,inf,inf,inf,inf,inf,inf,inf,inf,inf,inf,inf,inf,inf,inf,inf,inf,inf,inf,inf,inf,inf,inf,inf,inf,2.009465692752400656e+01,1.716791752545696781e+01,1.571680566426060466e+01,1.504480092027446858e+01,1.475232267555919563e+01,1.471783649948802619e+01,1.466239158846622992e+01,1.462378779577781884e+01,1.454947948304444338e+01,1.436023748340591411e+01,1.414923631891743128e+01,1.382429881399732174e+01,1.351124770536524089e+01,1.330081717267176344e+01,1.331284287189971494e+01,1.361768456463432209e+01,1.431391341173167575e+01,1.521945960432285361e+01,1.588500151879091149e+01,inf,inf,inf,inf,inf,inf,inf,inf,inf,inf,inf,inf,inf,inf,inf,inf,inf,inf,inf,inf,inf,inf,inf,inf,inf,inf,inf,inf,inf,inf,inf,inf
inf,inf,inf,inf,inf,inf,inf,inf,inf,inf,inf,inf,inf,inf,inf,inf,inf,inf,inf,inf,inf,inf,inf,inf,inf,inf,inf,inf,inf,inf,inf,inf,inf,inf,inf,inf,inf,inf,inf,inf,inf,inf,inf,inf,inf,inf,inf,inf,inf,inf,2.050012203563217028e+01,1.899604463885589567e+01,1.819753694263812349e+01,1.722297730263999327e+01,1.713282620564569569e+01,1.688920412298794460e+01,1.675061795970179901e+01,1.634908212973352448e+01,1.611186485120765255e+01,1.579510651467436233e+01,1.538212822321541573e+01,1.498266913916746290e+01,1.459748870223080353e+01,1.438092412201463688e+01,1.443517471176438427e+01,1.486354831066941884e+01,1.517224586684258902e+01,1.634123895227249790e+01,inf,inf,inf,inf,inf,inf,inf,inf,inf,inf,inf,inf,inf,inf,inf,inf,inf,inf,inf,inf,inf,inf,inf,inf,inf,inf,inf,inf,inf,inf,inf,inf
inf,inf,inf,inf,inf,inf,inf,inf,inf,inf,inf,inf,inf,inf,inf,inf,inf,inf,inf,inf,inf,inf,inf,inf,inf,inf,inf,inf,inf,inf,inf,inf,inf,inf,inf,inf,inf,inf,inf,inf,inf,inf,inf,inf,inf,inf,inf,inf,inf,inf,inf,2.119326921619211390e+01,1.980697485507222311e+01,2.119326921619211390e+01,1.924735906713680222e+01,1.819753694263812349e+01,1.797439339132391467e+01,1.793517267817063399e+01,1.750438976207817987e+01,1.709892465397001615e+01,1.660830173752154337e+01,1.608128142783557379e+01,1.563258758517658720e+01,1.530162500436634510e+01,1.515539829626997737e+01,1.508402163342774926e+01,1.515301450491470092e+01,2.119326921619211390e+01,inf,inf,inf,inf,inf,inf,inf,inf,inf,inf,inf,inf,inf,inf,inf,inf,inf,inf,inf,inf,inf,inf,inf,inf,inf,inf,inf,inf,inf,inf,inf,inf
inf,inf,inf,inf,inf,inf,inf,inf,inf,inf,inf,inf,inf,inf,inf,inf,inf,inf,inf,inf,inf,inf,inf,inf,inf,inf,inf,inf,inf,inf,inf,inf,inf,inf,inf,inf,inf,inf,inf,inf,inf,inf,inf,inf,inf,inf,inf,inf,inf,inf,inf,inf,inf,2.009465692752400656e+01,2.119326921619211390e+01,inf,1.980697485507222311e+01,1.862831985873057761e+01,1.824883023702567542e+01,1.782597338620564287e+01,1.763792115470270261e+01,1.695916271159485689e+01,1.646588139747977664e+01,1.586539304740253442e+01,1.550290976186805558e+01,1.507077640667773011e+01,1.611186485120765255e+01,inf,inf,inf,inf,inf,inf,inf,inf,inf,inf,inf,inf,inf,inf,inf,inf,inf,inf,inf,inf,inf,inf,inf,inf,inf,inf,inf,inf,inf,inf,inf,inf,inf
inf,inf,inf,inf,inf,inf,inf,inf,inf,inf,inf,inf,inf,inf,inf,inf,inf,inf,inf,inf,inf,inf,inf,inf,inf,inf,inf,inf,inf,inf,inf,inf,inf,inf,inf,inf,inf,inf,inf,inf,inf,inf,9.397641557810501922e+00,1.246820877808456185e+00,inf,inf,inf,inf,inf,inf,inf,inf,inf,inf,2.009465692752400656e+01,2.050012203563217028e+01,2.119326921619211390e+01,inf,1.958383130375801429e+01,1.862831985873057761e+01,1.782597338620564287e+01,1.740907958227385421e+01,1.703438613283244507e+01,1.642258459172645146e+01,1.535553876902617532e+01,1.575518990726892099e+01,inf,inf,inf,inf,inf,inf,inf,inf,inf,inf,inf,inf,inf,inf,inf,inf,inf,inf,inf,inf,inf,inf,inf,inf,inf,inf,inf,inf,inf,inf,inf,inf,inf,inf
inf,inf,inf,inf,inf,inf,inf,inf,inf,inf,inf,inf,inf,inf,inf,inf,inf,inf,inf,inf,inf,inf,inf,inf,inf,inf,inf,inf,inf,inf,inf,inf,inf,inf,inf,inf,inf,inf,inf,inf,inf,inf,inf,2.119326921619211390e+01,inf,inf,inf,inf,inf,inf,inf,inf,inf,inf,inf,inf,2.009465692752400656e+01,1.980697485507222311e+01,2.050012203563217028e+01,inf,1.911382767451227949e+01,1.769676165472563412e+01,1.658809903020402388e+01,1.594624514403162863e+01,1.651113798906789754e+01,inf,inf,inf,inf,inf,inf,inf,inf,inf,inf,inf,inf,inf,inf,inf,inf,inf,inf,inf,inf,inf,inf,inf,inf,inf,inf,inf,inf,inf,inf,inf,inf,inf,inf,inf
inf,inf,inf,inf,inf,inf,inf,inf,inf,inf,inf,inf,inf,inf,inf,inf,inf,inf,inf,inf,inf,inf,inf,inf,inf,inf,inf,inf,inf,inf,inf,inf,inf,inf,inf,inf,inf,inf,inf,inf,inf,inf,inf,inf,inf,inf,inf,inf,inf,inf,inf,inf,inf,inf,inf,inf,inf,inf,2.009465692752400656e+01,1.940150974696405939e+01,1.911382767451227949e+01,1.911382767451227949e+01,1.889068412319807067e+01,inf,inf,inf,inf,inf,inf,inf,inf,inf,inf,inf,inf,inf,inf,inf,inf,inf,inf,inf,inf,inf,inf,inf,inf,inf,inf,inf,inf,inf,inf,inf,inf,inf,inf,inf,inf,inf
inf,inf,inf,inf,inf,inf,inf,inf,inf,inf,inf,inf,inf,inf,inf,inf,inf,inf,inf,inf,inf,inf,inf,inf,inf,inf,inf,inf,inf,inf,inf,inf,inf,inf,inf,inf,inf,inf,inf,inf,inf,inf,inf,inf,inf,inf,inf,inf,inf,inf,inf,inf,inf,inf,inf,inf,inf,inf,inf,inf,inf,inf,inf,inf,inf,inf,inf,inf,inf,inf,inf,inf,inf,inf,inf,inf,inf,inf,inf,inf,inf,inf,inf,inf,inf,inf,inf,inf,inf,inf,inf,inf,inf,inf,inf,inf,inf,inf,inf,1.297259704589486340e+01
inf,inf,inf,inf,inf,inf,inf,inf,inf,inf,inf,inf,inf,inf,inf,inf,inf,inf,inf,inf,inf,inf,inf,inf,inf,inf,inf,inf,inf,inf,inf,inf,inf,inf,inf,inf,inf,inf,inf,inf,inf,inf,inf,inf,inf,inf,inf,inf,inf,inf,inf,inf,inf,inf,inf,inf,inf,inf,inf,inf,inf,inf,inf,inf,inf,inf,inf,inf,inf,inf,inf,inf,inf,inf,inf,inf,inf,inf,inf,inf,inf,inf,inf,inf,inf,inf,inf,inf,inf,inf,inf,inf,inf,inf,inf,inf,inf,inf,inf,6.821743630971507599e+00
inf,inf,inf,inf,inf,inf,inf,inf,inf,inf,inf,inf,inf,inf,inf,inf,inf,inf,inf,inf,inf,inf,inf,inf,inf,inf,inf,inf,inf,inf,inf,inf,inf,inf,inf,inf,inf,inf,inf,inf,inf,inf,inf,inf,inf,inf,inf,inf,inf,inf,inf,inf,inf,inf,inf,inf,inf,inf,inf,inf,inf,inf,inf,inf,inf,inf,inf,inf,inf,inf,inf,inf,inf,inf,inf,inf,inf,inf,inf,inf,inf,inf,inf,inf,inf,inf,inf,inf,inf,inf,inf,inf,inf,inf,inf,inf,inf,inf,1.498467919009548588e+01,3.884835178582844328e+00
inf,inf,inf,inf,inf,inf,inf,inf,inf,inf,inf,inf,inf,inf,inf,inf,inf,inf,inf,inf,inf,inf,inf,inf,inf,inf,inf,inf,inf,inf,inf,inf,inf,inf,inf,inf,inf,inf,inf,inf,inf,inf,inf,inf,inf,inf,inf,inf,inf,inf,inf,inf,inf,inf,inf,inf,inf,inf,inf,inf,inf,inf,inf,inf,inf,inf,inf,inf,inf,inf,inf,inf,inf,inf,inf,inf,inf,inf,inf,inf,inf,inf,inf,inf,inf,inf,inf,inf,inf,inf,inf,inf,inf,inf,inf,inf,inf,inf,1.282225853495395995e+01,3.223212465598343623e+00
inf,inf,inf,inf,inf,inf,inf,inf,inf,inf,inf,inf,inf,inf,inf,inf,inf,inf,inf,inf,inf,inf,inf,inf,inf,inf,inf,inf,inf,inf,inf,inf,inf,inf,inf,inf,inf,inf,inf,inf,inf,inf,inf,inf,inf,inf,inf,inf,inf,inf,inf,inf,inf,inf,inf,inf,inf,inf,inf,inf,inf,inf,inf,inf,inf,inf,inf,inf,inf,inf,inf,inf,inf,inf,inf,inf,inf,inf,inf,inf,inf,inf,inf,inf,inf,inf,inf,inf,inf,inf,inf,inf,inf,inf,inf,inf,inf,inf,1.207789908180715877e+01,4.385071566537326326e+00
inf,inf,inf,inf,inf,inf,inf,inf,inf,inf,inf,inf,inf,inf,inf,inf,inf,inf,inf,inf,inf,inf,inf,inf,inf,inf,inf,inf,inf,inf,inf,inf,inf,inf,inf,inf,inf,inf,inf,inf,inf,inf,inf,inf,inf,inf,inf,inf,inf,inf,inf,inf,inf,inf,inf,inf,inf,inf,inf,inf,inf,inf,inf,inf,inf,inf,inf,inf,inf,inf,inf,inf,inf,inf,inf,inf,inf,inf,inf,inf,inf,inf,inf,inf,inf,inf,inf,inf,inf,inf,inf,inf,inf,inf,inf,inf,inf,inf,1.283016004015859401e+01,6.890081504853659666e+00
inf,inf,inf,inf,inf,inf,inf,inf,inf,inf,inf,inf,inf,inf,inf,inf,inf,inf,inf,inf,inf,inf,inf,inf,inf,inf,inf,inf,inf,inf,inf,inf,inf,inf,inf,inf,inf,inf,inf,inf,inf,inf,inf,inf,inf,inf,inf,inf,inf,inf,inf,inf,inf,inf,inf,inf,inf,inf,inf,inf,inf,inf,inf,inf,inf,inf,inf,inf,inf,inf,inf,inf,inf,inf,inf,inf,inf,inf,inf,inf,inf,inf,inf,inf,inf,inf,inf,inf,inf,inf,inf,inf,inf,inf,inf,inf,inf,inf,1.485290991246436398e+01,1.020226402699349144e+01
inf,inf,inf,inf,inf,inf,inf,inf,inf,inf,inf,inf,inf,inf,inf,inf,inf,inf,inf,inf,inf,inf,inf,inf,inf,inf,inf,inf,inf,inf,inf,inf,inf,inf,inf,inf,inf,inf,inf,inf,inf,inf,inf,inf,inf,inf,inf,inf,inf,inf,inf,inf,inf,inf,inf,inf,inf,inf,inf,inf,inf,inf,inf,inf,inf,inf,inf,inf,inf,inf,inf,inf,inf,inf,inf,inf,inf,inf,inf,inf,inf,inf,inf,inf,inf,inf,inf,inf,inf,inf,inf,inf,inf,inf,inf,inf,inf,inf,inf,1.372818647979256745e+01
inf,inf,inf,inf,inf,inf,inf,inf,inf,inf,inf,inf,inf,inf,inf,inf,inf,inf,inf,inf,inf,inf,inf,inf,inf,inf,inf,inf,inf,inf,inf,inf,inf,inf,inf,inf,inf,inf,inf,inf,inf,inf,inf,inf,inf,inf,inf,inf,inf,inf,inf,inf,inf,inf,inf,inf,inf,inf,inf,inf,inf,inf,inf,inf,inf,inf,inf,inf,inf,inf,inf,inf,inf,inf,inf,inf,inf,inf,inf,inf,inf,inf,inf,inf,inf,inf,inf,inf,inf,inf,inf,inf,inf,inf,inf,inf,inf,inf,inf,inf
inf,inf,inf,inf,inf,inf,inf,inf,inf,inf,inf,inf,inf,inf,inf,inf,inf,inf,inf,inf,inf,inf,inf,inf,inf,inf,inf,inf,inf,inf,inf,inf,inf,inf,inf,inf,inf,inf,inf,inf,inf,inf,inf,inf,inf,inf,inf,inf,inf,inf,inf,inf,inf,inf,inf,inf,inf,inf,inf,inf,inf,inf,inf,inf,inf,inf,inf,inf,inf,inf,inf,inf,inf,inf,inf,inf,inf,inf,inf,inf,inf,inf,inf,inf,inf,inf,inf,inf,inf,inf,inf,inf,inf,inf,inf,inf,inf,inf,inf,inf
inf,inf,inf,inf,inf,inf,inf,inf,inf,inf,inf,inf,inf,inf,inf,inf,inf,inf,inf,inf,inf,inf,inf,inf,inf,inf,inf,inf,inf,inf,inf,inf,inf,inf,inf,inf,inf,inf,inf,inf,inf,inf,inf,inf,inf,inf,inf,inf,inf,inf,inf,inf,inf,inf,inf,inf,inf,inf,inf,inf,inf,inf,inf,inf,inf,inf,inf,inf,inf,inf,inf,inf,inf,inf,inf,inf,inf,inf,inf,inf,inf,inf,inf,inf,inf,inf,inf,inf,inf,inf,inf,inf,inf,inf,inf,inf,inf,inf,inf,inf
inf,inf,inf,inf,inf,inf,inf,inf,inf,inf,inf,inf,inf,inf,inf,inf,inf,inf,inf,inf,inf,inf,inf,inf,inf,inf,inf,inf,inf,inf,inf,inf,inf,inf,inf,inf,inf,inf,inf,inf,inf,inf,inf,inf,inf,inf,inf,inf,inf,inf,inf,inf,inf,inf,inf,inf,inf,inf,inf,inf,inf,inf,inf,inf,inf,inf,inf,inf,inf,inf,inf,inf,inf,inf,inf,inf,inf,inf,inf,inf,inf,inf,inf,inf,inf,inf,inf,inf,inf,inf,inf,inf,inf,inf,inf,inf,inf,inf,inf,inf
inf,inf,inf,inf,inf,inf,inf,inf,inf,inf,inf,inf,inf,inf,inf,inf,inf,inf,inf,inf,inf,inf,inf,inf,inf,inf,inf,inf,inf,inf,inf,inf,inf,inf,inf,inf,inf,inf,inf,inf,inf,inf,inf,inf,inf,inf,inf,inf,inf,inf,inf,inf,inf,inf,inf,inf,inf,inf,inf,inf,inf,inf,inf,inf,inf,inf,inf,inf,inf,inf,inf,inf,inf,inf,inf,inf,inf,inf,inf,inf,inf,inf,inf,inf,inf,inf,inf,inf,inf,inf,inf,inf,inf,inf,inf,inf,inf,inf,inf,inf
inf,inf,inf,inf,inf,inf,inf,inf,inf,inf,inf,inf,inf,inf,inf,inf,inf,inf,inf,inf,inf,inf,inf,inf,inf,inf,inf,inf,inf,inf,inf,inf,inf,inf,inf,inf,inf,inf,inf,inf,inf,inf,inf,inf,inf,inf,inf,inf,inf,inf,inf,inf,inf,inf,inf,inf,inf,inf,inf,inf,inf,inf,inf,inf,inf,inf,inf,inf,inf,inf,inf,inf,inf,inf,inf,inf,inf,inf,inf,inf,inf,inf,inf,inf,inf,inf,inf,inf,inf,inf,inf,inf,inf,inf,inf,inf,inf,inf,inf,inf
inf,inf,inf,inf,inf,inf,inf,inf,inf,inf,inf,inf,inf,inf,inf,inf,inf,inf,inf,inf,inf,inf,inf,inf,inf,inf,inf,inf,inf,inf,inf,inf,inf,inf,inf,inf,inf,inf,inf,inf,inf,inf,inf,inf,inf,inf,inf,inf,inf,inf,inf,inf,inf,inf,inf,inf,inf,inf,inf,inf,inf,inf,inf,inf,inf,inf,inf,inf,inf,inf,inf,inf,inf,inf,inf,inf,inf,inf,inf,inf,inf,inf,inf,inf,inf,inf,inf,inf,inf,inf,inf,inf,inf,inf,inf,inf,inf,inf,inf,inf
inf,inf,inf,inf,inf,inf,inf,inf,inf,inf,inf,inf,inf,inf,inf,inf,inf,inf,inf,inf,inf,inf,inf,inf,inf,inf,inf,inf,inf,inf,inf,inf,inf,inf,inf,inf,inf,inf,inf,inf,inf,inf,inf,inf,inf,inf,inf,inf,inf,inf,inf,inf,inf,inf,inf,inf,inf,inf,inf,inf,inf,inf,inf,inf,inf,inf,inf,inf,inf,inf,inf,inf,inf,inf,inf,inf,inf,inf,inf,inf,inf,inf,inf,inf,inf,inf,inf,inf,inf,inf,inf,inf,inf,inf,inf,inf,inf,inf,inf,inf
inf,inf,inf,inf,inf,inf,inf,inf,inf,inf,inf,inf,inf,inf,inf,inf,inf,inf,inf,inf,inf,inf,inf,inf,inf,inf,inf,inf,inf,inf,inf,inf,inf,inf,inf,inf,inf,inf,inf,inf,inf,inf,inf,inf,inf,inf,inf,inf,inf,inf,inf,inf,inf,inf,inf,inf,inf,inf,inf,inf,inf,inf,inf,inf,inf,inf,inf,inf,inf,inf,inf,inf,inf,inf,inf,inf,inf,inf,inf,inf,inf,inf,inf,inf,inf,inf,inf,inf,inf,inf,inf,inf,inf,inf,inf,inf,inf,inf,inf,inf
inf,inf,inf,inf,inf,inf,inf,inf,inf,inf,inf,inf,inf,inf,inf,inf,inf,inf,inf,inf,inf,inf,inf,inf,inf,inf,inf,inf,inf,inf,inf,inf,inf,inf,inf,inf,inf,inf,inf,inf,inf,inf,inf,inf,inf,inf,inf,inf,inf,inf,inf,inf,inf,inf,inf,inf,inf,inf,inf,inf,inf,inf,inf,inf,inf,inf,inf,inf,inf,inf,inf,inf,inf,inf,inf,inf,inf,inf,inf,inf,inf,inf,inf,inf,inf,inf,inf,inf,inf,inf,inf,inf,inf,inf,inf,inf,inf,inf,inf,inf
inf,inf,inf,inf,inf,inf,inf,inf,inf,inf,inf,inf,inf,inf,inf,inf,inf,inf,inf,inf,inf,inf,inf,inf,inf,inf,inf,inf,inf,inf,inf,inf,inf,inf,inf,inf,inf,inf,inf,inf,inf,inf,inf,inf,inf,inf,inf,inf,inf,inf,inf,inf,inf,inf,inf,inf,inf,inf,inf,inf,inf,inf,inf,inf,inf,inf,inf,inf,inf,inf,inf,inf,inf,inf,inf,inf,inf,inf,inf,inf,inf,inf,inf,inf,inf,inf,inf,inf,inf,inf,inf,inf,inf,inf,inf,inf,inf,inf,inf,inf
inf,inf,inf,inf,inf,inf,inf,inf,inf,inf,inf,inf,inf,inf,inf,inf,inf,inf,inf,inf,inf,inf,inf,inf,inf,inf,inf,inf,inf,inf,inf,inf,inf,inf,inf,inf,inf,inf,inf,inf,inf,inf,inf,inf,inf,inf,inf,inf,inf,inf,inf,inf,inf,inf,inf,inf,inf,inf,inf,inf,inf,inf,inf,inf,inf,inf,inf,inf,inf,inf,inf,inf,inf,inf,inf,inf,inf,inf,inf,inf,inf,inf,inf,inf,inf,inf,inf,inf,inf,inf,inf,inf,inf,inf,inf,inf,inf,inf,inf,inf
inf,inf,inf,inf,inf,inf,inf,inf,inf,inf,inf,inf,inf,inf,inf,inf,inf,inf,inf,inf,inf,inf,inf,inf,inf,inf,inf,inf,inf,inf,inf,inf,inf,inf,inf,inf,inf,inf,inf,inf,inf,inf,inf,inf,inf,inf,inf,inf,inf,inf,inf,inf,inf,inf,inf,inf,inf,inf,inf,inf,inf,inf,inf,inf,inf,inf,inf,inf,inf,inf,inf,inf,inf,inf,inf,inf,inf,inf,inf,inf,inf,inf,inf,inf,inf,inf,inf,inf,inf,inf,inf,inf,inf,inf,inf,inf,inf,inf,inf,inf
inf,inf,inf,inf,inf,inf,inf,inf,inf,inf,inf,inf,inf,inf,inf,inf,inf,inf,inf,inf,inf,inf,inf,inf,inf,inf,inf,inf,inf,inf,inf,inf,inf,inf,inf,inf,inf,inf,inf,inf,inf,inf,inf,inf,inf,inf,inf,inf,inf,inf,inf,inf,inf,inf,inf,inf,inf,inf,inf,inf,inf,inf,inf,inf,inf,inf,inf,inf,inf,inf,inf,inf,inf,inf,inf,inf,inf,inf,inf,inf,inf,inf,inf,inf,inf,inf,inf,inf,inf,inf,inf,inf,inf,inf,inf,inf,inf,inf,inf,inf
inf,inf,inf,inf,inf,inf,inf,inf,inf,inf,inf,inf,inf,inf,inf,inf,inf,inf,inf,inf,inf,inf,inf,inf,inf,inf,inf,inf,inf,inf,inf,inf,inf,inf,inf,inf,inf,inf,inf,inf,inf,inf,inf,inf,inf,inf,inf,inf,inf,inf,inf,inf,inf,inf,inf,inf,inf,inf,inf,inf,inf,inf,inf,inf,inf,inf,inf,inf,inf,inf,inf,inf,inf,inf,inf,inf,inf,inf,inf,inf,inf,inf,inf,inf,inf,inf,inf,inf,inf,inf,inf,inf,inf,inf,inf,inf,inf,inf,inf,inf
